gemma3:27b,7shi/llama-translate:8b-q4_K_M,yi:34b,Levenshtein (gemma3:27b vs 7shi/llama-translate:8b-q4_K_M),Levenshtein (gemma3:27b vs yi:34b),Levenshtein (7shi/llama-translate:8b-q4_K_M vs yi:34b)
I am null_whoami,My name is null_whoami.,I am null_whoami,8.0,0.0,8.0
"Mr. Wei, roughly what aspect are you referring to?",It's about something related to Twitter.,"Vice President Wei, what area is it?",42.0,36.0,33.0
"There are some searches on Twitter, monitoring k.","Translate Mandarin to English. Below is a series of related messages. Context:
æˆ‘æ˜¯null_whoami
æ–¹ä¾¿è¯­éŸ³é€šè¯å—ï¼Ÿ
å‘¨æ€»ï¼Œæ‚¨å¥½ï¼Œæˆ‘è¿™æœ‰å‡ ä¸ªå·ç æƒ³è¯·æ‚¨å¸®å¿™çœ‹çœ‹
é­æ€»ï¼Œæ‚¨å‘æˆ‘ä¸€ä¸‹ï¼Ÿâ€

Message to translate:
æ–¹ä¾¿è¯­éŸ³é€šè¯å—ï¼Ÿ","Twitter has some leaks, check k",139.0,35.0,146.0
I'll find you an account and have you take a look.,"Translate the given text from Mandarin to English, considering the provided context and instructions. If no additional information is available, use your expertise in linguistics to determine an appropriate translation that maintains a natural tone while accurately conveying the meaning of the original text. When translating technical terms or proper nouns, either leave them as they are in the source language or use suitable translations when necessary. Take a deep breath, relax, and begin translating.",I'll find an account for you and let you have a look when I get back.,465.0,34.0,450.0
Is a voice call convenient?,"I'm null_whoami.
General Wei, is it about something specific? Twitter has some checks and k monitoring. \
Can you give me an account later to help me check this out? \
Is voice call convenient for you? \
Hello General Zhou, I have a few numbers here that I want to ask you to help me look at them. \
General Wei, can you DM me the number?",Can we talk on the phone?,316.0,19.0,320.0
,,,,,
"Hello Mr. Zhou, I have a few numbers here I'd like you to help me check.",I have a few numbers here that I want to ask you to help me check out.,"Hello President Zhou, I have a few numbers here that I would like to ask for your help to take a look at.",36.0,44.0,48.0
"Mr. Wei, please send it to me.","Translate French to English. Below is a series of related messages. Context: You're the best, you always make it easy to understand. I'm sure you'll do great with your new project. Best regards.
Voici ce que je te propose : 1. J'adore travailler avec toi et j'espÃ¨re que tu seras aussi content de travailler avec moi. 2. La vie est courte, mais les souvenirs durent Ã©ternellement ! 3. J'aime ta maniÃ¨re de me voir dans le miroir du matin, avec mes cheveux dÃ©coiffÃ©s et ma robe dÃ©chirÃ©e... C'est l'Ã¢me mÃªme des hommes.","Send it to me, Mr. Wei.",489.0,23.0,497.0
,,,,,
,,,,,
,,,,,
,,,,,
e705d192-90ee-4fd1-9dcd-061958d1817f.png 0-e705d192-90ee-4fd1-9dcd-061958d1817f.png,"Translate English to French. Below is a series of related messages. Context:
Monsieur Wei, envoyer un SMS Ã  mon numÃ©ro.
5a84cde3-7175-4044-8c88-d4c883a8fd38.png 0-5a84cde3-7175-4044-8c88-d4c883a8fd38.png
4ea07c23-a1a6-411b-bcfb-552d095b66c9.png 0-4ea07c23-a1a6-411b-bcfb-552d095b66c9.png

VÃ©rifier et supprimer toutes les transactions, le dernier compte est avec l'adresse e-mail de g.
ReÃ§u
Merci.",e705d192-90ee-4fd1-9dcd-061958d1817f.png 0-e705d192-90ee-4fd1-9dcd-061958d1817f.png,355.0,0.0,355.0
5a84cde3-7175-4044-8c88-d4c883a8fd38.png 0-5a84cde3-7175-4044-8c88-d4c883a8fd38.png,"Translate English to Mandarin. Below is a series of related messages. Context:
 5a84cde3-7175-4044-8c88-d4c883a8fd38.png 0-5a84cde3-7175-4044-8c88-d4c883a8fd38.png
 e705d192-90ee-4fd1-9dcd-061958d1817f.png 0-e705d192-90ee-4fd1-9dcd-061958d1817f.png
 4ea07c23-a1a6-411b-bcfb-552d095b66c9.png 0-4ea07c23-a1a6-411b-bcfb-552d095b66c9.png
å…¨éƒ¨æ¨è´¦æˆ·ï¼Œæœ€åé‚£ä¸ªæ˜¯ç”¨gçš„é‚®ç®±ç”³è¯·çš„æ¨è´¦æˆ·
æ”¶åˆ°
è°¢è°¢æ‚¨
è¿˜æœ‰å¦‚æœæˆ‘è¿™æƒ³åšä¸ªé’ˆå¯¹è„¸ 
ä¹¦çš„å¹³å°å¤§çº¦ç»è´¹éœ€è¦å¤šå°‘ï¼Œæ—¶é—´å¤šä¹…ï¼Ÿç›®å‰ï¼Œæ‚¨é‚£è¾¹æœ‰ä»€ä¹ˆæ¯”è¾ƒæˆç†Ÿçš„å¥½ç”¨äº§å“ï¼Œç®€å•ä»‹ç»æ–‡æ¡£æ–¹ä¾¿å‘ä¸€ä»½è¿‡æ¥å—ï¼Ÿâ€

Message to translate:
 5a84cde3-7175-4044-8c88-d4c883a8fd38.png 0-5a84cde3-7175-4044-8c88-d4c883a8fd38.png",Received and acknowledged for the Twitter account associated with image 5a84cde3-7175-4044-8c88-d4c883a8fd38.,456.0,68.0,465.0
4ea07c23-a1a6-411b-bcfb-552d095b66c9.png 0-4ea07c23-a1a6-411b-bcfb-552d095b66c9.png,"Translate French to English. Below is a series of related messages. Context:
 e705d192-90ee-4fd1-9dcd-061958d1817f.png 0-e705d192-90ee-4fd1-9dcd-061958d1817f.png
 5a84cde3-7175-4044-8c88-d4c883a8fd38.png 0-5a84cde3-7175-4044-8c88-d4c883a8fd38.png
 4ea07c23-a1a6-411b-bcfb-552d095b66c9.png 0-4ea07c23-a1a6-411b-bcfb-552d095b66c9.png
 Tout les comptes Twitter, le dernier est un compte Twitter crÃ©Ã© avec une adresse e-mail qui commence par g.
 ReÃ§u Merci. J'ai appris que vous ne faitiez pas d'autres tests sur Facebook.",The last Twitter account was applied for using the G-ending email address.,436.0,79.0,467.0
"Push all accounts, the last one was created using a g email address.","Translate English to Japanese. Below is a series of related messages. Context: e705d192-90ee-4fd1-9dcd-061958d1817f.png 0-e705d192-90ee-4fd1-9dcd-061958d1817f.png
 5a84cde3-7175-4044-8c88-d4c883a8fd38.png 0-5a84cde3-7175-4044-8c88-d4c883a8fd38.png
 4ea07c23-a1a6-411b-bcfb-552d095b66c9.png 0-4ea07c23-a1a6-411b-bcfb-552d095b66c9.png
å…¨éƒ¨æ¨è´¦æˆ·ï¼Œæœ€åé‚£ä¸ªæ˜¯ç”¨gçš„é‚®ç®±ç”³è¯·çš„æ¨è´¦æˆ·
æ”¶åˆ°
è°¢è°¢æ‚¨
è¿˜æœ‰å¦‚æœæˆ‘è¿™æƒ³åšä¸ªé’ˆå¯¹è„¸ 
ä¹¦çš„å¹³å°å¤§çº¦ç»è´¹éœ€è¦å¤šå°‘ï¼Œæ—¶é—´å¤šä¹…ï¼Ÿç›®å‰ï¼Œæ‚¨é‚£è¾¹æœ‰ä»€ä¹ˆæ¯”è¾ƒæˆç†Ÿçš„å¥½ç”¨äº§å“ï¼Œç®€å•ä»‹ç»æ–‡æ¡£æ–¹ä¾¿å‘ä¸€ä»½è¿‡æ¥å—ï¼Ÿ
fbçš„æ–¹é¢æˆ‘ä»¬è¿˜æ²¡å¤ªç ”ç©¶
è´¦å· TGtadieï¼Œç”µè¯ï¼š18510867099,å§“åï¼šç‹å®","All Twitter accounts, the last one was applied for using G's email.",438.0,31.0,441.0
Received,"You are a highly skilled professional translator. You are a native speaker of English, Japanese, French and Mandarin. Translate the given text accurately, taking into account the context and specific instructions provided. Steps may include hints enclosed in square brackets [] with the key and value separated by a colon:. If no additional instructions or context are provided, use your expertise to consider what the most appropriate context is and provide a natural translation that aligns with that context. When translating, strive to faithfully reflect the meaning and tone of the original text, pay attention to cultural nuances and differences in language usage, and ensure that the translation is grammatically correct and easy to read. For technical terms and proper nouns, either leave them in the original language or use appropriate translations as necessary. Take a deep breath, calm down, and start translating.",Received,919.0,0.0,919.0
Thank you.,Thank you for your message. I am happy that we can work together on this project. Please let me know if there is anything else I can help with.,Thank you.,133.0,0.0,133.0
"Also, if I want to create a platform targeting Facebook, approximately how much would it cost and how long would it take? Currently, do you have any mature and useful products on your side? Could you please send a simple introductory document?","To translate Mandarin to English, it is necessary to provide specific instructions or context. If no additional information is provided, use your expertise to consider what the most appropriate context is and provide a natural translation that aligns with that context. In terms of specific instructions, pay attention to cultural nuances and differences in language usage, and ensure that the translation is grammatically correct and easy to read.","What is the budget and timeframe for creating a platform targeting Facebook? Currently, do you have any mature, useful products available? Could you please provide a brief introduction document?",335.0,121.0,348.0
We haven't researched the Facebook side much yet.,We haven't studied the Facebook aspect much.,"Regarding Facebook, we haven't studied it much yet.",16.0,32.0,37.0
"Account TGtadie, phone: 18510867099, name: Wang Ning","Translate the following message from Mandarin Chinese to English. Context: The message is a conversation between two individuals discussing an account and the cost of services related to it.
Hello, what's up?","Account: TGtadie, Phone: 18510867099, Name: Wang Ning",184.0,3.0,185.0
Are there any other people?,"Yes, there are a few others.",Do other people have any other options?,17.0,21.0,24.0
How much would it cost to purchase this platform?,I have no idea about the money. It's a fixed price that has not been sold yet.,How much does it cost to purchase this platform?,61.0,4.0,60.0
"The other ones didn't go through, this is for 10,000 valid searches per year.","Other people don't have it, this is $50 for one year with 10K queries.","Others are not available. This one is 50 yuan per year with 10,000 valid queries.",51.0,61.0,41.0
How much is it per query for a single service?,How much ğŸ’° for a single-service?,What is the cost per service if it's a one-time thing?,16.0,37.0,41.0
We haven't sold single instances of this yet.,"Transalte Mandarin to English. Below is a series of related messages. Context:
è´¦å· TGtadieï¼Œç”µè¯ï¼š18510867099,å§“åï¼šç‹å®
å…¶ä»–å‡ ä¸ªäººæœ‰å—ï¼Ÿ
æ¨è¿™å¥—å¹³å°é‡‡è´­çš„è¯å¤šå°‘ğŸ’°å‘¢
å…¶ä»–å‡ ä¸ªæ²¡æœ‰è½åˆ°ï¼Œè¿™ä¸ªæ˜¯50ä¸€å¹´ä¸€ä¸‡æ¬¡æœ‰æ•ˆæŸ¥è¯¢
é‚£å¦‚æœæ˜¯å•æ¬¡æœåŠ¡çš„è¯ï¼Œæ˜¯å¤šå°‘ğŸ’°æ¯æ¬¡
å•æ¬¡åˆ°æ˜¯è¿˜æ²¡å–è¿‡å‘¢
ç–«æƒ…ç»“æŸäº†è§é¢è¯¦ç»†èŠèŠï¼ŒæŸ¥å‡ºæ¥é‚£ä¸ªäººè¿˜æœ‰å…¶ä»–æ‰©å±•ä¿¡æ¯å—
è¿™ä¸ªäººçœ‹çœ‹æœ‰æ²¡æœ‰åŠæ³•æŸ¥ä¸€ä¸‹å‘¢
fbçš„è¯æˆ‘ä»¬æ˜¯æƒ³ç«‹é¡¹ï¼Œæ‰€ä»¥æ‰æ‰¾æ‚¨äº†è§£ä¸€ä¸‹è¡Œæƒ…
è¿™ä¸ªæŸ¥äº†æ²¡æœ‰å‘¢",This single service has not been sold yet.,237.0,32.0,238.0
"Once the epidemic is over, can we meet to discuss in detail? If we find that person, will there be any additional extended information?","The other people have any? How much ğŸ’° for purchasing this platform?
Other several are not dropped, this one is 50 years 1 million times effective query.
If it's a single service, how many ğŸ’° per time?
Single time has never been sold yet.
See you in person to discuss details once the pandemic ends. Does he have other information that can be searched for?
Let's check if there are any ways to do so via Facebook?
This one was checked out already? Thank you, buddy, feel free to reach out anytime!","ç–«æƒ…ç»“æŸäº†è§é¢è¯¦ç»†èŠèŠï¼ŒæŸ¥å‡ºæ¥é‚£ä¸ªäººè¿˜æœ‰å…¶ä»–æ‰©å±•ä¿¡æ¯å—

Translation: Once the pandemic is over, let's meet up to discuss in detail. Were there any additional information found on that person?",397.0,108.0,398.0
,,,,,
Can you see if there's a way to look into this person?,"Translate French to English. Below is a series of related messages. Context:
Je ne sais pas si je me rappelle comment s'est dÃ©roulÃ©e l'histoire, mais pour moi, ce fut une Ã©preuve terrible. Cela signifie que je devrai rester plus vigilant et me souvenir de ce qu'il faut faire.
C'Ã©tait ma premiÃ¨re fois Ã  New York, donc j'Ã©tais un peu nerveux au dÃ©but.
Je suis venu ici avec mes parents. Nous sommes trÃ¨s fiers d'Ãªtre le premier dans la famille qui a voyagÃ© hors du pays. C'est un endroit incroyable pour dÃ©couvrir la beautÃ© et la culture de ce pays.

Message to translate:
I don't know if I remember how the story went, but for me it was a terrible ordeal. It means that I have to be more vigilant and remember what needs to be done.
It was my first time in New York, so at first I was a bit nervous.
I came here with my parents. We are very proud to be the first in our family to travel outside of the country. It's an incredible place to discover the beauty and culture of this land.",Can we take a look at this person and see if there's any way to check them out?,935.0,51.0,915.0
"Regarding fb, we are looking to initiate a project, so we reached out to you to understand the market price.","You are a highly skilled professional translator. You are a native speaker of English, Japanese and Mandarin. Translate the given text accurately, taking into account the context and specific instructions provided. Steps may include hints enclosed in square brackets [] with the key and value separated by a colon:. If no additional instructions or context are provided, use your expertise to consider what the most appropriate context is and provide a natural translation that aligns with that context. When translating, strive to faithfully reflect the meaning and tone of the original text, pay attention to cultural nuances and differences in language usage, and ensure that the translation is grammatically correct and easy to read. For technical terms and proper nouns, either leave them in the original language or use appropriate translations as necessary. Take a deep breath, calm down, and start translating.","We are looking into launching fb, so we wanted to get your perspective on the market situation.",822.0,65.0,833.0
Has this been checked yet?,Translate this message from Mandarin to English.,Has this been checked yet?,36.0,0.0,36.0
"Okay, thanks bro, feel free to contact me anytime you need anything recently.","Please translate the given message from Mandarin to English. Below is a series of related messages. Context:
ç–«æƒ…ç»“æŸäº†è§é¢è¯¦ç»†èŠèŠï¼ŒæŸ¥å‡ºæ¥é‚£ä¸ªäººè¿˜æœ‰å…¶ä»–æ‰©å±•ä¿¡æ¯å—
è¿™ä¸ªäººçœ‹çœ‹æœ‰æ²¡æœ‰åŠæ³•æŸ¥ä¸€ä¸‹å‘¢
fbçš„è¯æˆ‘ä»¬æ˜¯æƒ³ç«‹é¡¹ï¼Œæ‰€ä»¥æ‰æ‰¾æ‚¨äº†è§£ä¸€ä¸‹è¡Œæƒ…
è¿™ä¸ªæŸ¥äº†æ²¡æœ‰å‘¢
å¥½çš„ï¼Œè°¢å•¦å…„å¼Ÿï¼Œæœ€è¿‘æœ‰éœ€è¦éšæ—¶è”ç³»æ‚¨","Ok, thanks brother, feel free to contact me if there's any need recently.",172.0,24.0,168.0
[Joined hands],"- Yes, I'll take a look and see if there's anything we can do about it.",[Bow with joined hands gesture],63.0,18.0,57.0
"I just reported to the boss, and he asked me to first record today's results and then see the effect. Also, I will be giving you another batch recently, around 100 or so. Let's see the probability and accuracy of getting results, hope you understand.","You are a professional translator with excellent skills. You translate the given text accurately, taking into account cultural nuances and specific instructions provided. If no additional context is specified, use your expertise to consider what the most appropriate context is for the translation. Steps may include hints enclosed in square brackets [] with the key and value separated by a colon:. When translating, strive to faithfully reflect the meaning and tone of the original text, pay attention to cultural nuances and differences in language usage, ensure that the translation is grammatically correct and easy to read. For technical terms and proper nouns, either leave them in the original language or use appropriate translations as necessary. Take a deep breath, calm down, and start translating.","I just reported to the big boss. He asked me to first set down today's results and then check the effectiveness. Also, we'll give you another batch soon, around 100 items I think. Check the success rate and accuracy for us, and I hope you understand.",646.0,86.0,650.0
"Too many, it won't get approved by company procedures.","Your message has been translated accurately. It contains a series of related messages, and the context is as follows: ""fb"" mentioned by ""us"" refers to Facebook, so we are considering establishing an account on it. We contacted you to understand the market situation. This query referred to whether we have researched it before.
OK, thanks brother, if there's anything in the future, please feel free to contact me anytime.
[knock]
Just reported back to the big boss, the boss asked us to first write down today's results and then see the effect. In addition, he will also assign a batch of about 100 pieces to you in the near future. See how many jobs can be done accurately and correctly. I hope you understand.
There are too many, the company process is not smooth
About how many within your scope? The boss also wants to see what effect it has.
The usual success rate is between 20% and 30%.
Thanks for that, I'll report back to the big boss tomorrow. If he still wants us to cooperate and try it out, I'll talk to you again then.
OK, no problem.
I'll do my best to explain to the big boss. The test will be within 20 accounts, so you won't be too stressed out for this one.","It's too much, and the company's process can't go through.",1127.0,45.0,1122.0
So approximately how many would be within your capacity? The boss also wants to see how the results turn out.,"Translate Mandarin to English. Below is a series of related messages. Context:
è¿™ä¸ªæŸ¥äº†æ²¡æœ‰å‘¢
å¥½çš„ï¼Œè°¢å•¦å…„å¼Ÿï¼Œæœ€è¿‘æœ‰éœ€è¦éšæ—¶è”ç³»æ‚¨
[æŠ±æ‹³]
åˆšè·Ÿå¤§è€æ¿æ±‡æŠ¥å®Œï¼Œè€æ¿è®©æˆ‘å…ˆæŠŠä»Šå¤©ç»“æœè½ä¸‹ï¼Œç„¶åçœ‹çœ‹æ•ˆæœã€‚å¦å¤–ï¼Œæœ€è¿‘è¿˜ä¼šäº¤ç»™æ‚¨ä¸€æ‰¹ï¼Œå¤§çº¦100ä¸ªå·¦å³å§ã€‚çœ‹çœ‹å‡ºæ´»æ¦‚ç‡å’Œå‡†ç¡®æ€§ï¼Œå¸Œæœ›æ‚¨è¿™ç†è§£ã€‚
å¤ªå¤šäº†çš„ï¼Œå…¬å¸æµç¨‹èµ°ä¸é€šçš„
é‚£å¤§çº¦å¤šå°‘ä¸ªåœ¨æ‚¨èŒƒå›´ä»¥å†…ï¼Ÿè€æ¿ä¹Ÿæ˜¯æƒ³çœ‹çœ‹æ•ˆæœæ€ä¹ˆæ ·
å¸¸è§„çš„æˆåŠŸç‡åœ¨20~30%ä¹‹é—´
å¥½çš„ï¼Œè°¢è°¢æ‚¨ã€‚æ˜å¤©æˆ‘è·Ÿå¤§è€æ¿æ±‡æŠ¥ä¸€ä¸‹ï¼Œå¦‚æœä»–é‚£è¿˜æ˜¯æƒ³è®©å’±ä»¬è¿™è¾¹é…åˆè¯•ä¸€ä¸‹ï¼Œæˆ‘å†å’Œæ‚¨è¯´ã€‚
å¥½çš„
æˆ‘å°½é‡å’Œè€æ¿è¯´ä¸€ä¸‹ï¼Œæµ‹è¯•åœ¨20ä¸ªè´¦å·ä»¥å†…ï¼Œè¿™æ ·æ‚¨è¿™ä¸ä¼šå¤ªä¸ºéš¾äº†å§ï¼Ÿ
ä»Šå¤©ä¸æ˜¯æµ‹äº†å˜›[å‘²ç‰™]",How many are within your scope? The boss also wants to see how the results turn out.,314.0,32.0,309.0
The usual success rate is between 20~30%.,"Translate from English to Japanese. Below is a series of related messages. Context: ã„ã„ã‚ˆã€ã‚ã‚ŠãŒã¨ã†ã­ã€ãŠå…„ã¡ã‚ƒã‚“æœ€è¿‘ã¯ã„ã¤ã§ã‚‚é€£çµ¡ã—ã¦ã€‚ [æ•¬ç¤¼]
ä»Šã€å¤§ãƒœã‚¹ã«å ±å‘Šã—ãŸã‚‰ã€ä»Šå›ã®çµæœã‚’æ›¸ãå‡ºã—ã€åŠ¹æœã‚’è¦‹ã‚‹ã“ã¨ã«ãªã‚Šã¾ã™ã€‚ãã‚Œã‹ã‚‰ã€è¿‘ã„ã†ã¡ã«ã‚‚ã€100äººãã‚‰ã„ç¨‹åº¦ã‚’ãŠä»»ã›ã—ã¾ã™ã€‚ã‚ã¨ã¯ã€æˆåŠŸç‡ã‚„æ­£ç¢ºæ€§ã‚’è¦‹ã¦ã€ã‚ãªãŸãŒãã‚Œã‚’å—ã‘å…¥ã‚Œã¦ãã‚Œã‚Œã°ã¨æ€ã„ã¾ã™ã€‚ ã‚‚ã£ã¨ã‚‚å¤šã™ãã‚‹ã¨ã€ãŠä¼šç¤¾ã®æ¥­å‹™éç¨‹ã¯é€šã‚‰ãªã„ã®ã§ã™ã€‚ ã§ã¯ã€ç´„10ä¸‡å€‹ã®ç¯„å›²å†…ã«ã‚ã‚Šã¾ã™ã‹ï¼Ÿ ãƒœã‚¹ã‚‚ãã®åŠ¹æœã‚’ã©ã†ã™ã‚‹ã®ã‹è¦‹ãŸã„ã¨ã„ã†ã‚ã‘ã§ã™ã­ã€‚
é€šå¸¸ã®æˆåŠŸç‡ã¯20ï½30ï¼…ãã‚‰ã„ã§ã™ã€‚ ã‚ˆã—ã€ã‚ã‚ŠãŒã¨ã†ã€‚ãã‚Œã§ã€æ˜æ—¥ãƒœã‚¹ã«å ±å‘Šã—ã‚ˆã†ã€‚ã‚‚ã—å½¼ãŒç§ãŸã¡ã®ä»•äº‹ã‚’ä¸€ç·’ã«è¡Œã†ã“ã¨ã«ã—ãŸã„ã®ã§ã‚ã‚Œã°ã€ç§ãŒãŠè©±ã‚’ã•ã›ã¦ãã‚Œã¾ã™ã€‚ ã„ã„ã‚ˆ
ãŠè©¦ã—ã¯ä»Šæ—¥ã‚‚è¡Œã‚ã‚Œã¦ã‚‹ã‚ˆ[ç‰™ã®å‡ºã‚‹ç¬‘é¡”]
ã¯ã£ã¯ãƒ¼ã€ãã‚Œã¯ã¾ã ç¾å®Ÿã®äººã«ã¯è½ã¨ã•ãªã„ã‚ã‘ã§ã—ã‚‡ã†ã€ã‚‚ã†ä¸€æ®µéšã§ã‚ªãƒ³ãƒ©ã‚¤ãƒ³ã‹ã‚‰ã‚ªãƒ•ãƒ©ã‚¤ãƒ³ã«ã—ãŸä¸Šã§ã€ãã®çµæœã‚‚å«ã‚ã¦è¦‹ç©ã‚‚ã‚‰ãªãã¡ã‚ƒã€‚ãƒœã‚¹ãŒæ˜è¨€ã—ã¦ã€ä»Šå›æ•°ç¤¾ã‚’é¸ã¶ã“ã¨ã«ãªã£ãŸã®ã§ã€ã‚ã¨ã¯åŒæ™‚ã«ä½•äººã‹ã‚„ã‚Šå§‹ã‚ã€ãã‚Œã‚’ç¾å®Ÿã«è¦‹ã¦ãŠé‡‘ã®æ”¯å‡ºã¨ä¸€ç·’ã«è¦‹ã‚‹ã¨ã„ã†ã“ã¨ã«ãªã‚‹ã€‚ãã—ã¦ã€äººå·¥çŸ¥èƒ½ãŒç”Ÿæ´»ã‚’å¤‰ãˆã‚‹[æ‚ªã„ç¬‘é¡”]

Message to translate: å¸¸è§„çš„æˆåŠŸç‡åœ¨20~30%ä¹‹é—´",The regular success rate is between 20~30%.,573.0,5.0,573.0
"Okay, thank you. I'll report to the big boss tomorrow. If he still wants us to cooperate and try it out, I'll let you know.","Translate the given text accurately, taking into account the context and specific instructions provided. Steps may include hints enclosed in square brackets [] with the key and value separated by a colon:. If no additional instructions or context are provided, use your expertise to consider what the most appropriate context is and provide a natural translation that aligns with that context. When translating, strive to faithfully reflect the meaning and tone of the original text, pay attention to cultural nuances and differences in language usage, and ensure that the translation is grammatically correct and easy to read. For technical terms and proper nouns, either leave them in the original language or use appropriate translations as necessary. Take a deep breath, calm down, and start translating.","Okay, thank you. I will report to the big boss tomorrow. If he still wants us to cooperate and try, I will contact you again.",712.0,22.0,708.0
Okay.,Translate French to English. Context: The new generation of high-performance tires will be launched in April next year.,Okay,116.0,1.0,117.0
"Iâ€™ll try to talk to the boss and keep the test to within 20 accounts, so it wonâ€™t be too difficult for you, right?","Translate from Mandarin to English. Below is a series of related messages. Context:
We had too many accounts, it was hard for us to make it through the company's processes.
How many will fall within your range? The boss also wanted to see how things turned out.
The standard success rate is between 20% and 30%.
That's good, thanks. I'll report to the big boss tomorrow, if he still wants us to cooperate on testing, I'll talk to you again.
Alright, take care.
I'll try to explain it to our boss, the test will be within 20 accounts, so that won't be too difficult for you, right?
We tested today, didn't we [Grinning Face With Smiling Eyes]? Ha ha, it's not yet practical. There is still a stage from online to offline, including the final outcome. I reported to the big boss today who explicitly mentioned finding several units providing some accounts and seeing how many can be done at once so that they fall into reality for better measuring of the final results. We also need to let him change his mindset, technology changes life [Grinning Face With Smiling Eyes].
Right.
Thanks, brother. I'm looking forward to future opportunities for collaboration in various ways as well.
OK, good bye leader.","I will try to talk to the boss about limiting the test to 20 accounts, so it won't be too difficult for you, right?",1096.0,23.0,1095.0
"We tested today, didn't we [grinning face]","Translate Mandarin to English. Below is a series of related messages. Context:
é‚£å¤§çº¦å¤šå°‘ä¸ªåœ¨æ‚¨èŒƒå›´ä»¥å†…ï¼Ÿè€æ¿ä¹Ÿæ˜¯æƒ³çœ‹çœ‹æ•ˆæœæ€ä¹ˆæ ·
å¸¸è§„çš„æˆåŠŸç‡åœ¨20~30%ä¹‹é—´
å¥½çš„ï¼Œè°¢è°¢æ‚¨ã€‚æ˜å¤©æˆ‘è·Ÿå¤§è€æ¿æ±‡æŠ¥ä¸€ä¸‹ï¼Œå¦‚æœä»–é‚£è¿˜æ˜¯æƒ³è®©å’±ä»¬è¿™è¾¹é…åˆè¯•ä¸€ä¸‹ï¼Œæˆ‘å†å’Œæ‚¨è¯´ã€‚
å¥½çš„
æˆ‘å°½é‡å’Œè€æ¿è¯´ä¸€ä¸‹ï¼Œæµ‹è¯•åœ¨20ä¸ªè´¦å·ä»¥å†…ï¼Œè¿™æ ·æ‚¨è¿™ä¸ä¼šå¤ªä¸ºéš¾äº†å§ï¼Ÿ
ä»Šå¤©ä¸æ˜¯æµ‹äº†å˜›[å‘²ç‰™]
å“ˆå“ˆï¼Œè¿™ä¸æ˜¯è¿˜æ²¡æœ‰æœ€åè½åˆ°ç°å®äººå—ï¼Œè¿˜éœ€è¦ä»ç½‘ä¸Šåˆ°ç½‘ä¸‹ä¸€ä¸ªé˜¶æ®µï¼ŒåŒ…æ‹¬æœ€åçš„æ•ˆæœã€‚ä»Šå¤©æ±‡æŠ¥å¤§è€æ¿æ˜ç¡®æå‡ºäº†æ‰¾å‡ ä¸ªå•ä½å„æä¾›äº›è´¦å·ï¼Œçœ‹èƒ½å¼„å‡ºå‡ ä¸ªåŒæ—¶è¿›è¡Œï¼Œè½åˆ°ç°å®å¥½è¡¡é‡æœ€åç»“æœã€‚ä¹Ÿå¾—è®©ä»–è½¬å˜æ€è·¯ï¼Œç§‘æŠ€æ”¹å˜ç”Ÿæ´»[åç¬‘]
å—¯
è°¢å•¦å…„å¼Ÿã€‚è¿˜å¾—æœŸå¾…ä»¥åæœ‰æœºä¼šå¤šæ–¹ä½åˆä½œå‘¢
å¥½çš„é¢†å¯¼
éƒ½æ˜¯å…„å¼Ÿï¼Œåˆ«è¿™ä¹ˆè¯´ï¼Œæˆ‘ä¹Ÿæ˜¯è¢«å¤§è€æ¿é€¼çš„æ²¡åŠæ³•äº†[æŠ±æ‹³]",Today wasn't it already tested [smirk],361.0,36.0,356.0
"Haha, it hasn't yet moved to real people, and still needs to move from online to a next phase involving real-world application, including the final results. Today, when reporting to the big boss, he specifically proposed finding a few units to each provide some accounts, to see how many can be run simultaneously, so we can measure the final results in a practical setting. We also need to get him to change his thinking â€“ technology changes lives [cheeky grin].","Translate from Mandarin to English: ""Ha ha, this is not the final reality yet. There are still two stages on online and offline, including the final effect. Today I reported to the big boss that he explicitly proposed to find a few units to provide some accounts to see if we can make several of them run simultaneously, which makes it easier to measure the final result in reality. We also need him to change his thinking, technology changes our lives.""","Haha, this has not yet finally landed on real people, right? It still needs to move from online to offline in the next phase, including the final results. Today, the big boss clearly proposed that several units should each provide some accounts, to see how many could proceed simultaneously, so that when it is implemented in reality, the final results can be measured well. We also need to change his mindset and let technology transform life [winky smile]",222.0,213.0,271.0
Um/Okay/Got it.,"Translate Japanese to English. Below is a series of related messages. Context:
ã¯ã„ã€ãŠé¡˜ã„ã—ã¾ã™ã€‚æ˜æ—¥ã€ä¸Šå¸ã¨å ±å‘Šã™ã‚Œã°ã€å½¼ã®æ„å‘ã‚’ç¢ºèªã—ã¦ã‹ã‚‰ã“ã¡ã‚‰ã«é€£çµ¡ã—ã¦ã‚‚ã‚‰ãˆã‚‹ã®ã§ã—ã‚‡ã†ã‹ï¼Ÿ
ã¯ã„ã€‚
ã“ã‚Œã¯ä»Šæœãƒ†ã‚¹ãƒˆã—ãŸã ã‘ã§ã™ï¼ˆç¬‘ï¼‰
ãŠã†ã€‚ãŠã„ãŠã„ã€ã¾ã ç¾å®Ÿä¸–ç•Œã®äººã«å…¥ã‚Œæ›¿ã‚ã‚‹æ®µéšã§ã¯ã‚ã‚Šã¾ã›ã‚“ã‚ˆã€‚ãã‚Œã‚‚ã¾ãŸä¸€ã¤ã®æ®µéšã€‚ä»Šæ—¥ã®ä¸Šå¸ã«å ±å‘Šã—ã¦ã‚‚ã€å½¼ã¯æ˜ç¢ºã«ã€è¤‡æ•°ã®çµ„ç¹”ãŒãã‚Œãã‚Œæä¾›ã™ã‚‹ã‚¢ã‚«ã‚¦ãƒ³ãƒˆã‚’æ¢ã—ã¦ã€ãã‚Œã‚‰ãŒåŒæ™‚ã«å®Ÿè¡Œã•ã‚Œã‚‹ã‹ã©ã†ã‹ã«é–¢å¿ƒã‚’æŒã£ãŸã€‚ã“ã‚Œã§å½¼ã¯è€ƒãˆæ–¹ã«å¤‰åŒ–ã—ã€ãƒ†ã‚¯ãƒãƒ­ã‚¸ãƒ¼ã¯ç”Ÿæ´»ã‚’å¤‰ãˆã‚‹ã“ã¨ã§ã™ï¼ˆç¬‘ï¼‰
ã¯ã„ã€‚
ã‚ã‚ŠãŒã¨ã†ãŠå…„ã•ã‚“ã€‚ã‚‚ã£ã¨å¤šæ§˜çš„ãªç›¸äº’å”åŠ›ã‚’æœŸå¾…ã™ã‚‹æ¬¡ã®æ©Ÿä¼šã‚‚æœŸå¾…ã—ã¦ã„ã‚‹ã‚ˆã€‚
ã¯ã„ã€ãŠã˜ã•ã¾
ç§ã‚‚å…„å¼Ÿã ã€ãã‚“ãªäº‹è¨€ã†ãªã€ç§ã‚‚ä¸Šå¸ã«æŠ¼ã•ã‚Œã¦ä»•æ–¹ãŒãªã„ã‚ˆï¼ˆç¬‘ï¼‰
ãŠã‚„ã‚ãã ã•ã„ã€ãŠå…„ã•ã‚“ã€‚ä»Šã¯ç›®æ¨™èª¿æŸ»å ±å‘Šæ›¸ã‚’ä½œã‚‹ãŸã‚ã«ä»–ã®AQã«ãŠå½¹ç«‹ã¦ã—ãŸã“ã¨ãŒã‚ã‚Šã¾ã™ã€‚",Okay,424.0,11.0,429.0
Thanks bro. Let's hope we have more opportunities for multifaceted collaboration in the future.,"Translate Japanese to English. Context: I want to have a conversation with my boss about this, the testing is only on 20 accounts, so it won't be too difficult for you. Not today?[grinning face with smiling eyes]
Haha, that's not even considering bringing the project to practical people yet, there's still one more step from online to offline, including the final results. Today I reported directly to the big boss and he explicitly mentioned finding a few units each providing some accounts to see if they can be conducted simultaneously, so we can actually measure the final result. We also need to change our perspective, technology changes life.[winking face]
Yes
Thank you brother. I'm looking forward to having more opportunities for mutual cooperation in the future.","Thanks, brother. I look forward to future opportunities for multi-faceted cooperation.",691.0,43.0,703.0
"Okay, leader.","Translate Mandarin to English. Below is a series of related messages. Context:
æˆ‘å°½é‡å’Œè€æ¿è¯´ä¸€ä¸‹ï¼Œæµ‹è¯•åœ¨20ä¸ªè´¦å·ä»¥å†…ï¼Œè¿™æ ·æ‚¨è¿™ä¸ä¼šå¤ªä¸ºéš¾äº†å§ï¼Ÿ
ä»Šå¤©ä¸æ˜¯æµ‹äº†å˜›[å‘²ç‰™]
å“ˆå“ˆï¼Œè¿™ä¸æ˜¯è¿˜æ²¡æœ‰æœ€åè½åˆ°ç°å®äººå—ï¼Œè¿˜éœ€è¦ä»ç½‘ä¸Šåˆ°ç½‘ä¸‹ä¸€ä¸ªé˜¶æ®µï¼ŒåŒ…æ‹¬æœ€åçš„æ•ˆæœã€‚ä»Šå¤©æ±‡æŠ¥å¤§è€æ¿æ˜ç¡®æå‡ºäº†æ‰¾å‡ ä¸ªå•ä½å„æä¾›äº›è´¦å·ï¼Œçœ‹èƒ½å¼„å‡ºå‡ ä¸ªåŒæ—¶è¿›è¡Œï¼Œè½åˆ°ç°å®å¥½è¡¡é‡æœ€åç»“æœã€‚ä¹Ÿå¾—è®©ä»–è½¬å˜æ€è·¯ï¼Œç§‘æŠ€æ”¹å˜ç”Ÿæ´»[åç¬‘]
å—¯
è°¢å•¦å…„å¼Ÿã€‚è¿˜å¾—æœŸå¾…ä»¥åæœ‰æœºä¼šå¤šæ–¹ä½åˆä½œå‘¢
å¥½çš„é¢†å¯¼
éƒ½æ˜¯å…„å¼Ÿï¼Œåˆ«è¿™ä¹ˆè¯´ï¼Œæˆ‘ä¹Ÿæ˜¯è¢«å¤§è€æ¿é€¼çš„æ²¡åŠæ³•äº†[æŠ±æ‹³]
å…„å¼Ÿï¼Œæ‰“æ‰°æ‚¨ä¸€ä¸‹ï¼Œä½ ä»¬é‚£é‡Œåšåˆä¸ªç½‘ç«™ä¹‹é—´å…³è”è¿™æ ·çš„è°ƒç ”å·¥ä½œå—ï¼Ÿæˆ‘è¿™æœ‰å‡ ä¸ªç½‘ç«™ï¼Œç›®å‰æ¥çœ‹æ˜¯æœ‰å…³è”æ€§çš„ï¼Œä½†æ˜¯æ²¡æœ‰æŠ€æœ¯æ”¯æ’‘ï¼Œæ‰¾ä¸åˆ°ä»–ä»¬å…·ä½“å…³è”æƒ…å†µã€‚çœ‹çœ‹ä½ ä»¬é‚£è¾¹æœ‰æ²¡æœ‰æ‰€æ¶‰åŠè¿™å—ä¸šåŠ¡
ä¹‹å‰ç»™å…¶ä»–AQåšè¿‡ä¸€äº›ç›®æ ‡è°ƒç ”æŠ¥å‘Š
æˆ‘ä¸€ä¼šæ•´ç†ä¸€ä¸ªå‡ ä¸ªç½‘ç«™çš„ç›¸å…³æƒ…å†µï¼Œæ‚¨çœ‹çœ‹é‚£è¾¹èƒ½ä¸èƒ½åšå‡ºæ¥è°ƒç ”æŠ¥å‘Šï¼Œç‹é‚£æ¡çº¿å·²ç»åŒæ—¶æ ¸äº†",Okay boss,429.0,8.0,432.0
"We're all colleagues, don't say that. I'm also being pressured by the big boss and have no choice [bowing hands].",Translate the given text from Mandarin to English. Context: [å’³å—½]æˆ‘åœ¨å…¬å¸å½“äº†åå‡ å¹´äº†ï¼Œå°±æ˜¯è¿™ç§æƒ…å†µï¼Œæ¯ä¸ªæœˆæœ‰ä¸åŒçš„ä¼šè®®ï¼Œä»Šå¹´å·²ç»æœ‰ä¸‰æ¬¡ï¼Œä¸¤ä¸ªæ˜¯è·Ÿè¿›ï¼Œä¸€ä¸ªæ˜¯å¼€æ–°ä¸šåŠ¡çº¿ã€‚,"We are all brothers, don't say that, I'm also forced to do this by the big boss [bow]",106.0,56.0,98.0
"Hey brother, sorry to bother you. Does your team do research on the connections between websites? I have a few websites that seem to be related, but lack the technical support to pinpoint exactly how they're connected. See if your team handles this kind of work.","Translate Mandarin to English. Below is a series of related messages. Context:
å“ˆå“ˆï¼Œè¿™ä¸æ˜¯è¿˜æ²¡æœ‰æœ€åè½åˆ°ç°å®äººå—ï¼Œè¿˜éœ€è¦ä»ç½‘ä¸Šåˆ°ç½‘ä¸‹ä¸€ä¸ªé˜¶æ®µï¼ŒåŒ…æ‹¬æœ€åçš„æ•ˆæœã€‚ä»Šå¤©æ±‡æŠ¥å¤§è€æ¿æ˜ç¡®æå‡ºäº†æ‰¾å‡ ä¸ªå•ä½å„æä¾›äº›è´¦å·ï¼Œçœ‹èƒ½å¼„å‡ºå‡ ä¸ªåŒæ—¶è¿›è¡Œï¼Œè½åˆ°ç°å®å¥½è¡¡é‡æœ€åç»“æœã€‚ä¹Ÿå¾—è®©ä»–è½¬å˜æ€è·¯ï¼Œç§‘æŠ€æ”¹å˜ç”Ÿæ´»[åç¬‘]
å—¯
è°¢å•¦å…„å¼Ÿã€‚è¿˜å¾—æœŸå¾…ä»¥åæœ‰æœºä¼šå¤šæ–¹ä½åˆä½œå‘¢
å¥½çš„é¢†å¯¼
éƒ½æ˜¯å…„å¼Ÿï¼Œåˆ«è¿™ä¹ˆè¯´ï¼Œæˆ‘ä¹Ÿæ˜¯è¢«å¤§è€æ¿é€¼çš„æ²¡åŠæ³•äº†[æŠ±æ‹³]
ä¹‹å‰ç»™å…¶ä»–AQåšè¿‡ä¸€äº›ç›®æ ‡è°ƒç ”æŠ¥å‘Š
æˆ‘ä¸€ä¼šæ•´ç†ä¸€ä¸ªå‡ ä¸ªç½‘ç«™çš„ç›¸å…³æƒ…å†µï¼Œæ‚¨çœ‹çœ‹é‚£è¾¹èƒ½ä¸èƒ½åšå‡ºæ¥è°ƒç ”æŠ¥å‘Šï¼Œç‹é‚£æ¡çº¿å·²ç»åŒæ—¶æ ¸äº†
æœ‰æ—¢å¾€å‚è€ƒçš„æŠ¥å‘Šå—ï¼Œæˆ‘çœ‹ä¸€ä¸‹å°±çŸ¥é“èƒ½ä¸èƒ½åš
æ²¡æœ‰ï¼Œæˆ‘ä¸€ä¼šæ•´ç†å¥½äº†ï¼Œæ‚¨å…ˆçœ‹çœ‹èƒ½ä¸èƒ½åš","Brother, sorry to bother you, do you guys do research work on associations between various websites? I have a few websites that currently appear to be related, but there is no technical support, and we can't find out the specifics of their connections. Do you guys have any experience in this area?",322.0,131.0,326.0
I've done some target research reports for other AQs before.,I previously did some target research reports for other AQS.,"I have translated the message: ""ä¹‹å‰ç»™å…¶ä»–AQåšè¿‡ä¸€äº›ç›®æ ‡è°ƒç ”æŠ¥å‘Š"" to English. Here is the translation:

""Previously provided some target research reports to other AQ.""",21.0,112.0,99.0
,,,,,
I'll gather information about a few websites and send it to you. See if your side can produce a research report. Wang's line is also verifying this simultaneously.,"Translate from Mandarin to English. Below is a series of related messages. Context:
Good bosses are all brothers, don't say that, I'm also forced by the big boss [bows deeply]
Brother, interrupt you for a moment, do they have any research work on the association between websites over there? I have several websites here, and as far as we can see now, it seems to be related, but without technical support, it is not possible to find their specific relationship. See if your side has anything involved in this area
I've done some target survey reports for other AQs before.
I'll summarize the relevant situation of a few websites later and look at whether you can make a survey report on that line, Wang just gave me the green light at the same time.
Do you have any reference reports from before? I'll take a look to see if it's possible to do so.
No, I'll summarize it later, first look at whether it can be done.
OK
Look at this one, is this something that can be done?","I will translate the provided Chinese message to English while preserving any filenames or file references exactly as they appear.

Message in English:
I will compile the relevant information of several websites, please take a look and see if you can produce a research report for them. The line related to Wang has been simultaneously verified.",837.0,239.0,757.0
Do you have any previous reference reports? I can tell if we can do it by taking a look.,I'll take a look and see if we have any relevant reports.,Do you have any reference reports available? I will know whether we can do it after taking a look.,64.0,39.0,72.0
"No, I'll organize it shortly, please take a look and see if you can do it.","Transalte Mandarin to English. Below is a series of related messages. Context:
Brother, do you have any related research work on linking up some websites? I have several websites here that seem to be related but lack technical support and cannot find their specific association situation. Take a look at what you're doing over there in relation to this area.
I did the target research report for other AQs before.
I'll prepare the relevant information for several of my sites later, please take a look and see if they can do it.
Have any reference reports been done beforehand? I will just check whether or not we can do it.
No, I'll gather everything up later, you first take a look and see if we can do it.
OK, take a look at this one to see if we can do it.
Make it as detailed as possible. It's not urgent for us. Please take a look first and see if they can make the report.
The second question isn't too difficult; the first is more challenging.","No, I will organize it in a bit, take a look and see if you can do it.",880.0,17.0,884.0
Okay.,"Translate Mandarin to English. Below is a series of related messages. Context:
ä¹‹å‰ç»™å…¶ä»–AQåšè¿‡ä¸€äº›ç›®æ ‡è°ƒç ”æŠ¥å‘Š
æˆ‘ä¸€ä¼šæ•´ç†ä¸€ä¸ªå‡ ä¸ªç½‘ç«™çš„ç›¸å…³æƒ…å†µï¼Œæ‚¨çœ‹çœ‹é‚£è¾¹èƒ½ä¸èƒ½åšå‡ºæ¥è°ƒç ”æŠ¥å‘Šï¼Œç‹é‚£æ¡çº¿å·²ç»åŒæ—¶æ ¸äº†
æœ‰æ—¢å¾€å‚è€ƒçš„æŠ¥å‘Šå—ï¼Œæˆ‘çœ‹ä¸€ä¸‹å°±çŸ¥é“èƒ½ä¸èƒ½åš
æ²¡æœ‰ï¼Œæˆ‘ä¸€ä¼šæ•´ç†å¥½äº†ï¼Œæ‚¨å…ˆçœ‹çœ‹èƒ½ä¸èƒ½åš
å¥½çš„
æ‚¨çœ‹çœ‹è¿™ä¸ªèƒ½åšå—
å°½é‡è¯¦ç»†ç‚¹ï¼Œæ—¶é—´ä¸å¤ªæ€¥ã€‚æ‚¨å…ˆçœ‹çœ‹èƒ½ä¸èƒ½åšå‡ºæ¥
ç¬¬äºŒé¡¹é—®é¢˜ä¸å¤§ï¼Œç¬¬ä¸€é¡¹éš¾åº¦é«˜ä¸€äº›
å…ˆå»ºç«‹åˆä½œï¼Œè¿™äº›éƒ½å¥½è¯´[å‘²ç‰™]

Message to translate:",Okay,271.0,1.0,272.0
,,,,,
Can you take a look at this and see if it's doable?,"I'll look at it, but there's no guarantee that I can do the research report. Wang's line has already checked for previous references, and I'll take a look first to see if we can do it.",Can you take a look and see if this can be done?,152.0,20.0,152.0
"Please be as detailed as possible, there's no rush. First, take a look and see if it's doable.",Translate the following message into Mandarin. Below is a series of related messages. Context: æœ‰æ—¢å¾€å‚è€ƒçš„æŠ¥å‘Šå—ï¼Œæˆ‘çœ‹ä¸€ä¸‹å°±çŸ¥é“èƒ½ä¸èƒ½åšæ²¡æœ‰ï¼Œæˆ‘ä¸€ä¼šæ•´ç†å¥½äº†ï¼Œæ‚¨å…ˆçœ‹çœ‹èƒ½ä¸èƒ½åšå¥½çš„æ‚¨çœ‹çœ‹è¿™ä¸ªèƒ½åšå—ã€‚å…ˆå»ºç«‹åˆä½œï¼Œè¿™äº›éƒ½å¥½è¯´[å‘²ç‰™]å¥½çš„ï¼Œä½ é‚£è¾¹èƒ½å¹²çš„å…·ä½“å·¥ä½œåˆ—ä¸ªå•å­å‘ç»™æˆ‘ï¼Œæˆ‘å¥½ç»™è€æ¿æ±‡æŠ¥ã€‚è¿˜æœ‰ï¼Œè¿™ä¸ªç½‘ç«™èƒ½åšå—ï¼Ÿ,Provide as much detail as possible. Time is not very urgent. Please take a look and see if you can do it.,176.0,47.0,176.0
"The second item isn't a big problem, the first item is more difficult.","Second item is not a problem, the first one has higher difficulty.","The second item is not much of a problem, but the first one is more difficult.",22.0,17.0,25.0
"Let's establish a cooperative relationship first, then these things are easy to discuss [grinning face].",I will try my best to help you out. I will do it as soon as possible.,"First, establish cooperation; these are all negotiable [smiling]",79.0,63.0,55.0
"Okay, please send me a list of the specific tasks you can handle so I can report to my boss.","Translate Mandarin to English. Below is a series of related messages. Context:
æ‚¨çœ‹çœ‹è¿™ä¸ªèƒ½åšå—
å°½é‡è¯¦ç»†ç‚¹ï¼Œæ—¶é—´ä¸å¤ªæ€¥ã€‚æ‚¨å…ˆçœ‹çœ‹èƒ½ä¸èƒ½åšå‡ºæ¥
ç¬¬äºŒé¡¹é—®é¢˜ä¸å¤§ï¼Œç¬¬ä¸€é¡¹éš¾åº¦é«˜ä¸€äº›
å…ˆå»ºç«‹åˆä½œï¼Œè¿™äº›éƒ½å¥½è¯´[å‘²ç‰™]
å¥½çš„ï¼Œä½ é‚£è¾¹èƒ½å¹²çš„å…·ä½“å·¥ä½œåˆ—ä¸ªå•å­å‘ç»™æˆ‘ï¼Œæˆ‘å¥½ç»™è€æ¿æ±‡æŠ¥ã€‚
è¿˜æœ‰ï¼Œè¿™ä¸ªç½‘ç«™èƒ½åšå—ï¼Ÿ
æˆ‘ä»¬ä¸€èˆ¬åšé¡¹ç›®æ‰“åŒ…ï¼Œå•ä¸ªæœåŠ¡éƒ½ä¸å¤ªåš
ä¸€ä¸ªä¸ªåšå¤ªç´¯å•¦
å¥½çš„ï¼Œæˆ‘ä¹Ÿæ˜¯æƒ³åšæœåŠ¡æ‰“åŒ…","Okay, please list the specific tasks that your side can handle and send them to me, so I can report back to the boss.",205.0,53.0,207.0
,,,,,
"Also, can you do this website?","Yes, we can do this website.",Can this website be done?,10.0,22.0,21.0
"We generally do project packages, and don't really do individual services.","Translate the given message into English. Context: You are a skilled translator proficient in Mandarin and English, and you are also well-versed in Japanese culture. In this conversation, we will be discussing project packaging and individual services.","We generally do project bundling, and we don't typically offer individual services.",191.0,21.0,188.0
Doing things one by one is too tiring.,Translate the text from Japanese into English. Please pay attention to context and provide a natural translation that aligns with the given hints enclosed in square brackets []: [person]ï¼šç§ã¯ã‚ã®äººã«ä¼šã„ã«è¡Œã£ãŸã€‚[object]ï¼šå½¼å¥³ã¯ãŠèŒ¶ã‚’é£²ã¿ãªãŒã‚‰ã€æ‰‹å¸³ã‚„æ–‡æ›¸ã‚’æ•´ç†ã—ã¦ã„ãŸã€‚,Doing each one individually is too tiring.,208.0,18.0,203.0
"Okay, I also want to do service packages.","Translate this message from Mandarin to English. Context: 1. You are a highly skilled professional translator. You are a native speaker of English, Japanese, French and Mandarin. Translate the given text accurately, taking into account the context and specific instructions provided. Steps may include hints enclosed in square brackets [] with the key and value separated by a colon:. If no additional instructions or context are provided, use your expertise to consider what the most appropriate context is and provide a natural translation that aligns with that context. When translating, strive to faithfully reflect the meaning and tone of the original text, pay attention to cultural nuances and differences in language usage, and ensure that the translation is grammatically correct and easy to read. For technical terms and proper nouns, either leave them in the original language or use appropriate translations as necessary. Take a deep breath, calm down, and start translating.",I want to package services as well.,949.0,26.0,955.0
How much per year ğŸ’°,"Transalte Mandarin to English. Below is a series of related messages. Context: We generally do projects in bundles, we don't really do single services
Oh, that's the problem, it takes too much effort to handle each one separately
Okay, I was also thinking about bundling services
How much for a year?
We usually charge several hundred dollars
We will report on this in the afternoon, please give me a list of what you can do and how much it costs for each item.
It depends on specific content, let's discuss that later.",How much per yearğŸ’°,502.0,1.0,502.0
Generally a few hundred.,"Translate the message accurately. The key and value are separated by a colon:. If no additional instructions or context are provided, use your expertise to consider what the most appropriate context is and provide a natural translation that aligns with that context. When translating, strive to faithfully reflect the meaning and tone of the original text, pay attention to cultural nuances and differences in language usage, and ensure that the translation is grammatically correct and easy to read. For technical terms and proper nouns, either leave them in the original language or use appropriate translations as necessary. Take a deep breath, calm down, and start translating.",Usually several hundred,659.0,12.0,659.0
"We'll report this afternoon, can you simply list what you can do and the price for each?","Context: We're doing a project package, we don't do individual services much.
Doing one at a time is too tiring.",We will discuss in detail after seeing the specific content. Please list for me simply what can be done and how much each item costs.,85.0,88.0,103.0
It mainly depends on the specific content.,"Translate this message from Mandarin into English. Context: A customer asks for a quote for services, and the business owner says it depends on the specifics of the content.",Mainly discuss after seeing specific content,132.0,20.0,134.0
,,,,,
79d9b7f2-cfe4-4615-9b75-8fea33fc0c9d.png 0-79d9b7f2-cfe4-4615-9b75-8fea33fc0c9d.png,"Translate English to Japanese. Below is a series of related messages. Context:
ã„ã¤ã¾ã§ã«ğŸ‘
æ—©ãã‚‚ã—ãã¯ãŠæ‰‹æŸ„ã‚’æŒ™ã’ã‚‹ã‹ï¼Ÿ(æ—©ãçµæœãŒå‡ºãªã„ãªã‚‰åˆ¥ã®ä¼šç¤¾ã«è¡Œãã¨)
ä¸€å¿œæ™‚é–“çš„ã«å³ã—ã„ã€‚
ã•ã™ãŒã«ã‚ãã“ã«é€šå ±ã™ã‚‹ã»ã©ã§ã¯ã‚ã‚Šã¾ã›ã‚“ã€‚",79d9b7f2-cfe4-4615-9b75-8fea33fc0c9d.png 0-79d9b7f2-cfe4-4615-9b75-8fea33fc0c9d.png,149.0,0.0,149.0
Received.,"Translate the following messages from Japanese to English. Context:
1ã€ä¸€èˆ¬å‡ ç™¾
2ã€æˆ‘ä»¬ä¸‹åˆæ±‡æŠ¥ï¼Œä½ ç®€å•ç»™æˆ‘åˆ—å‡ºæ¥èƒ½åšä»€ä¹ˆï¼Œæ¯æ ·å¤šå°‘é’±
3ã€ä¸»è¦çœ‹å…·ä½“å†…å®¹å†è°ˆ
4ã€æ”¶åˆ°
5ã€å…„å¼Ÿï¼ŒæŠŠä½ å…¬å¸ç®€ä»‹å’Œäº§å“ç®€ä»‹å‘ä¸€ä»½ï¼Œæˆ‘å†™æŠ¥å‘Šç”¨
6ã€å¥½çš„ï¼Œåˆšæœ‰ç‚¹äº‹ã€‚
7ã€æ²¡äº‹ï¼Œè°¢å•¦ï¼Œéº»çƒ¦ä½ äº†
8ã€å…„å¼Ÿï¼Œæ˜¨å¤©é‚£ä¸ªè´¦å·ç»‘å®šçš„é‚®ç®±ä½ å¯ä»¥çœ‹åˆ°å—ï¼Ÿæˆ–è€…æ˜¯è´¦å·é‡Œé¢çš„ç§ä¿¡ä½ é‚£å¯ä»¥çœ‹åˆ°å—",Received,205.0,1.0,206.0
,,,,,
"Brother, please send me a copy of your company profile and product introduction, I need it to write a report.","Translate Mandarin to English. Below is a series of related messages. Context:
ä¸»è¦çœ‹å…·ä½“å†…å®¹å†è°ˆ
 79d9b7f2-cfe4-4615-9b75-8fea33fc0c9d.png 1-79d9b7f2-cfe4-4615-9b75-8fea33fc0c9d.png
æ”¶åˆ°
å¥½çš„ï¼Œåˆšæœ‰ç‚¹äº‹ã€‚
æ²¡äº‹ï¼Œè°¢å•¦ï¼Œéº»çƒ¦ä½ äº†
å…„å¼Ÿï¼Œæ˜¨å¤©é‚£ä¸ªè´¦å·ç»‘å®šçš„é‚®ç®±ä½ å¯ä»¥çœ‹åˆ°å—ï¼Ÿæˆ–è€…æ˜¯è´¦å·é‡Œé¢çš„ç§ä¿¡ä½ é‚£å¯ä»¥çœ‹åˆ°å—","Brother, send me a copy of your company profile and product introduction for use in writing the report.",207.0,24.0,208.0
"Okay, just a bit busy.","Translate this message from Mandarin to English. The context is as follows:
79d9b7f2-cfe4-4615-9b75-8fea33fc0c9d.png 0-79d9b7f2-cfe4-4615-9b75-8fea33fc0c9d.png
æ”¶åˆ°
å…„å¼Ÿï¼ŒæŠŠä½ å…¬å¸ç®€ä»‹å’Œäº§å“ç®€ä»‹å‘ä¸€ä»½ï¼Œæˆ‘å†™æŠ¥å‘Šç”¨
å¥½çš„ï¼Œåˆšæœ‰ç‚¹äº‹ã€‚
æ²¡äº‹ï¼Œè°¢å•¦ï¼Œéº»çƒ¦ä½ äº†
å…„å¼Ÿï¼Œæ˜¨å¤©é‚£ä¸ªè´¦å·ç»‘å®šçš„é‚®ç®±ä½ å¯ä»¥çœ‹åˆ°å—ï¼Ÿæˆ–è€…æ˜¯è´¦å·é‡Œé¢çš„ç§ä¿¡ä½ é‚£å¯ä»¥çœ‹åˆ°å—
é‚£ä¸ªçœ‹ä¸åˆ°çš„
æ³¨å†Œæ—¶é‚®ç®±ä¹Ÿçœ‹ä¸åˆ°ï¼Ÿ
å¯¹","Okay, I just had something to take care of.",254.0,26.0,244.0
"No problem, thanks, sorry to bother you.","Translate from Japanese. Context:
ã€Œã‚ã‚ŠãŒã¨ã†ã€ã¯ã„ãˆã‚ˆã€‚ã„ã¤ã‚‚å½¹ã«ç«‹ã£ã¦ã„ã¾ã™ã€‚","No problem, thanks for your help.",50.0,14.0,51.0
"Brother, can you see the email address that account was bound to yesterday? Or can you see the private messages within the account on your end?","Translate Mandarin to English. Below is a series of related messages. Context:
æ”¶åˆ°
å…„å¼Ÿï¼ŒæŠŠä½ å…¬å¸ç®€ä»‹å’Œäº§å“ç®€ä»‹å‘ä¸€ä»½ï¼Œæˆ‘å†™æŠ¥å‘Šç”¨
å¥½çš„ï¼Œåˆšæœ‰ç‚¹äº‹ã€‚
æ²¡äº‹ï¼Œè°¢å•¦ï¼Œéº»çƒ¦ä½ äº†
å…„å¼Ÿï¼Œä½ çœ‹åˆ°äº†é‚£ä¸ªæ–‡ä»¶å—ï¼Ÿè¿˜æ˜¯è¯´åœ¨é‚£é‡Œæ²¡æœ‰çœ‹åˆ°ï¼Ÿ
è¿˜æ²¡æœ‰ã€‚","Brother, can you see the email that was bound to the account yesterday? Or is it the private message in the account that you can see?",136.0,50.0,137.0
I can't see that.,"Translate the following message into English. Below is a series of related messages. Context:
å…„å¼Ÿï¼ŒæŠŠä½ å…¬å¸ç®€ä»‹å’Œäº§å“ç®€ä»‹å‘ä¸€ä»½ï¼Œæˆ‘å†™æŠ¥å‘Šç”¨
å¥½çš„ï¼Œåˆšæœ‰ç‚¹äº‹ã€‚
æ²¡äº‹ï¼Œè°¢å•¦ï¼Œéº»çƒ¦ä½ äº†
å…„å¼Ÿï¼Œæ˜¨å¤©é‚£ä¸ªè´¦å·ç»‘å®šçš„é‚®ç®±ä½ å¯ä»¥çœ‹åˆ°å—ï¼Ÿæˆ–è€…æ˜¯è´¦å·é‡Œé¢çš„ç§ä¿¡ä½ é‚£å¯ä»¥çœ‹åˆ°å—
é‚£ä¸ªçœ‹ä¸åˆ°çš„
æ³¨å†Œæ—¶é‚®ç®±ä¹Ÿçœ‹ä¸åˆ°ï¼Ÿ
å¯¹
ğŸ‘Œ
äººæ‰¾åˆ°äº†ä¹ˆ
è¿˜æ²¡å‘¢ï¼Œå…ˆæŠŠå¤–å›´æ ¸ä¸€ä¸‹",I can't see that one.,206.0,4.0,203.0
Can't you see the email used during registration?,"Translate the message accurately and take into account the context provided. Pay attention to cultural nuances, differences in language usage, and ensure that the translation is grammatically correct and easy to read. For technical terms or proper nouns, either leave them in the original language or use appropriate translations as needed. Take a deep breath, calm down, and start translating.",Can you see the email at registration time?,353.0,18.0,356.0
Yes.,"Translate Japanese to English. Context: The first line of dialogue is from the character ""Riko,"" while the second and third lines are from the character ""Himuro"" in the context of a conversation between the two characters about a past event.
Riko: You haven't told me anything yet, Himuro.
Himuro: Yes. I was thinking...
Himuro: I don't know why, but it just slipped out of my mind.
Himuro: It's not something you can really put into words, even if you tried.",Yes,456.0,1.0,457.0
Okay.,"You are a highly skilled professional translator. You are a native speaker of English, Japanese, French and Mandarin. Translate the given text accurately, taking into account the context and specific instructions provided. Steps may include hints enclosed in square brackets [] with the key and value separated by a colon:. If no additional instructions or context are provided, use your expertise to consider what the most appropriate context is and provide a natural translation that aligns with that context. When translating, strive to faithfully reflect the meaning and tone of the original text, pay attention to cultural nuances and differences in language usage, and ensure that the translation is grammatically correct and easy to read. For technical terms and proper nouns, either leave them in the original language or use appropriate translations as necessary. Take a deep breath, calm down, and start translating.",Okay.,922.0,0.0,922.0
Have you found the person?,Have they been found yet?,Have you found the person yet?,17.0,4.0,18.0
"Not yet, let's verify the periphery first.","Translate from Japanese to English. Below is a series of related messages. Context:
I'm doing the test now.
What kind of test?
We've sent out emails to all members with accounts that are registered on mobile phones, and if they reply, it will be a positive outcome.
OK, I'll wait for the result.","Not yet, first check the outer perimeter.",261.0,23.0,262.0
Basically no problem.,"Mandarin to English.
The context is an email conversation between two people. The following messages are related.
I couldn't see the email address when I registered?
Yup.
Did you find the person?
Not yet, let's check with outside first
Basically no problem
It just needs to be determined that this account is still using this phone number at present
Message to translate:
There is basically no problem.","The message is essentially saying: ""Basically no problem"" in English. However, to provide more context and a smoother translation, it can be better translated as: ""Everything looks good so far.""",381.0,173.0,310.0
We just need to confirm whether this account or this mobile number is currently in use.,"Translate Mandarin to English. Below is a series of related messages. Context:
å¯¹
ğŸ‘Œ
äººæ‰¾åˆ°äº†ä¹ˆ
è¿˜æ²¡å‘¢ï¼Œå…ˆæŠŠå¤–å›´æ ¸ä¸€ä¸‹
åŸºæœ¬æ²¡é—®é¢˜
å°±æ˜¯å¾—ç¡®å®šä¸‹æ¥ç›®å‰è¯¥è´¦å·è¿˜æ˜¯è¯¥æ‰‹æœºå·ç ä½¿ç”¨
å®‰æ´µ.7z 12756724-394c-4576-b373-7c53f1abbd94.md
 6bcc0131-e4ad-421e-bb1f-d8ebe5eeec7b.png 0-6bcc0131-e4ad-421e-bb1f-d8ebe5eeec7b.png
é­æ€»ï¼Œè¯·æŸ¥æ”¶
ğŸ‘Œ

Message to translate:
å°±æ˜¯å¾—ç¡®å®šä¸‹æ¥ç›®å‰è¯¥è´¦å·è¿˜æ˜¯è¯¥æ‰‹æœºå·ç ä½¿ç”¨",We need to confirm whether to use this account or mobile number currently.,281.0,27.0,280.0
Anxun.7z 12756724-394c-4576-b373-7c53f1abbd94.md,AnYan.7z 12756724-394c-4576-b373-7c53f1abbd94.md,Anquan.7z 12756724-394c-4576-b373-7c53f1abbd94.md,2.0,2.0,2.0
6bcc0131-e4ad-421e-bb1f-d8ebe5eeec7b.png 0-6bcc0131-e4ad-421e-bb1f-d8ebe5eeec7b.png,You found the file you were looking for. I have uploaded it to a secure server. The download link is as follows: https://xxxxx.com/xxxxxxxxxxxxxxx. Please use this link to obtain the file.,0-6bcc0131-e4ad-421e-bb1f-d8ebe5eeec7b.png 0-6bcc0131-e4ad-421e-bb1f-d8ebe5eeec7b.png,171.0,2.0,171.0
"Mr. Wei, please check.","Translate Mandarin to English. Below is a series of related messages. Context:
è¿˜æ²¡å‘¢ï¼Œå…ˆæŠŠå¤–å›´æ ¸ä¸€ä¸‹
åŸºæœ¬æ²¡é—®é¢˜
å°±æ˜¯å¾—ç¡®å®šä¸‹æ¥ç›®å‰è¯¥è´¦å·è¿˜æ˜¯è¯¥æ‰‹æœºå·ç ä½¿ç”¨
å®‰æ´µ.7z 12756724-394c-4576-b373-7c53f1abbd94.md
 6bcc0131-e4ad-421e-bb1f-d8ebe5eeec7b.png 0-6bcc0131-e4ad-421e-bb1f-d8ebe5eeec7b.png
é­æ€»ï¼Œè¯·æŸ¥æ”¶
ğŸ‘Œ
å¥½åƒæ‰“ä¸å¼€å•Š
é‚£ä¸ªæ˜¯å¢ƒå¤–å¯ä»¥æ‰“å¼€çš„
æ˜¯ä¸œçªçš„ä¸€ä¸ªç½‘ç«™","Vice President Wei, please check and receive.",268.0,25.0,260.0
Okay.,Thank you.,Okay,7.0,1.0,8.0
,,,,,
Seems like it can't open.,That's not possible.,It seems like it's not opening.,20.0,11.0,22.0
That one can be opened from outside the country.,"Translate French to English. Below is a series of related messages. Context:
 6bcc0131-e4ad-421e-bb1f-d8ebe5eeec7b.png 0-6bcc0131-e4ad-421e-bb1f-d8ebe5eeec7b.png
Monsieur Wei, voici le rapport.
ğŸ‘Œ
Je ne peux pas l'ouvrir, c'est un site web pour l'Ã©tranger.
C'est un site de l'organisation d'OuzbÃ©kistan.
Brother, il a Ã©tÃ© dÃ©couvert que l'utilisateur du compte prÃ©cÃ©dent Ã©tait celui-ci. Le numÃ©ro de tÃ©lÃ©phone Ã  ce stade est dÃ©tenu par plusieurs propriÃ©taires successifs. Que pouvez-vous confirmer dans votre pays en plus des faits ci-dessus ?
Je peux seulement dire avec certitude qu'il s'agit du bon numÃ©ro de tÃ©lÃ©phone, car il a Ã©tÃ© utilisÃ© pour s'inscrire. Je pense que l'utilisateur actuel utilise toujours le compte par mail. J'ai lu les instructions et j'ai vu que votre systÃ¨me permet d'accÃ©der aux messages privÃ©s.
La fonctionnalitÃ© des messages privÃ©s doit Ãªtre dÃ©veloppÃ©e Ã  un autre niveau.",That one can be accessed abroad.,852.0,26.0,867.0
It's a website of East Turkestan.,"Translate Mandarin to English. Below is a series of related messages. Context:
ğŸ‘Œ
å¥½åƒæ‰“ä¸å¼€å•Š
é‚£ä¸ªæ˜¯å¢ƒå¤–å¯ä»¥æ‰“å¼€çš„
é­æ€»ï¼Œè¯·æŸ¥æ”¶
æ˜¯ä¸œçªçš„ä¸€ä¸ªç½‘ç«™",It's an East Turkestan website.,98.0,19.0,97.0
"Brother, we've identified that previous account. The phone number has had several owners, and the current user on Twitter isn't this Wang. Do you have any other evidence to corroborate this?","Translate this message from Mandarin to English. Context: ğŸŒ·
It's so frustrating, I don't know what to do anymore.
You said it was a foreign site that could be opened? Could you give me the link?
I'm not sure if it's the one you're looking for, but here's the link: https://www.blogger.com/u/10/ticket/2023-02-08T15.20.44.00+0800
This isn't about that, I was just asking about the login.
What do you mean by ""it is?"" Is this what it's like?...
It looks like a foreign site to me.

Message to translate:
è¿™ä¸ªæ²¡æœ‰","Brother, we've found out about that previous account. The phone number has had several different owners, and the current Twitter user is not this ""Wang."" Do you have any other evidence to support your claim?",401.0,54.0,395.0
The only thing certain is that the phone number linked to this Twitter account is correct.,"Translate English to Japanese. Below is a series of related messages. Context: 
That's the one that can be opened externally.
It's a website for east Turkestan.
Bro, I got info on the other account just now. The phone number has been used by several people, and it's not this Wang you're pushing for anymore. Do you have any additional proof from other angles?
I can confirm that this Twitter is indeed linked to this number.
This number was really registered when I signed up. Maybe the person you're pushing for still logs in via email.
The private message feature requires further adherence.
Is it included if we buy a service? 1000 times valid query
It's not.
Different modules of functionality.",The only thing that can be confirmed is that the Twitter-bound phone number is indeed correct.,619.0,55.0,618.0
"The phone number was definitely correct during registration, I suspect the Twitter account has been logging in with email ever since. I remember seeing in the introduction that your system has the ability to check his direct messages, right?","Translate Mandarin to English. Below is a series of related messages. Context:
å¥½åƒæ‰“ä¸å¼€å•Š
é‚£ä¸ªæ˜¯å¢ƒå¤–å¯ä»¥æ‰“å¼€çš„
æ˜¯ä¸œçªçš„ä¸€ä¸ªç½‘ç«™
å…„å¼Ÿï¼Œä¹‹å‰é‚£ä¸ªè´¦å·æŸ¥å‡ºæ¥äº†ã€‚æ‰‹æœºå·ç å·²ç»æ¢äº†å‡ ä»»æœºä¸»ï¼Œç›®å‰æ¨çš„ä½¿ç”¨äººä¸æ˜¯è¿™ä¸ªç‹ï¼Œä½ é‚£é‡Œè¿˜æœ‰å…¶ä»–æ–¹é¢å¯ä»¥ä½è¯çš„å—ï¼Ÿ
åªå¯ä»¥ç¡®å®šçš„æ˜¯ï¼Œè¿™ä¸ªtwitterç»‘å®šçš„æ‰‹æœºå·ç å°±æ˜¯è¿™ä¸ªæ²¡æœ‰é”™
æ³¨å†Œæ—¶å€™è¿™ä¸ªæ‰‹æœºå·ç ç¡®å®æ²¡æœ‰é”™ï¼Œä¼°è®¡æ¨çš„è´¦æˆ·ç›®å‰ä¸€ç›´æ˜¯é€šè¿‡é‚®ç®±ç™»é™†äº†ã€‚ä¹‹å‰çœ‹ä»‹ç»ï¼Œæˆ‘è®°å¾—ä½ ä»¬é‚£ä¸ªç³»ç»Ÿæœ‰æŸ¥ä»–ç§ä¿¡çš„åŠŸèƒ½å§
ç§ä¿¡åŠŸèƒ½éœ€è¦è¿›ä¸€æ­¥è´´é å»åšçš„
å¦‚æœä¹°æœåŠ¡çš„è¯éƒ½åŒ…å«åœ¨æœåŠ¡é‡Œé¢å§ï¼Ÿä¸€åƒæ¬¡æœ‰æ•ˆæŸ¥è¯¢
è¿™ä¸ªæ²¡æœ‰
ä¸åŒçš„åŠŸèƒ½æ¨¡å—
è¿™ä¸ªåŠŸèƒ½éœ€è¦å•ç‹¬æ”¶è´¹ï¼Ÿ","The phone number used at registration was indeed correct, and I estimate that the Twitter account has been logging in through email recently. From the introduction I saw earlier, I remember that your system should have a feature to check his private messages, right?",298.0,122.0,295.0
The private message function needs further integration to be done.,"Translate English to Mandarin. Below is a series of related messages. Context:
å¢ƒå¤–å¯ä»¥æ‰“å¼€çš„
æ˜¯ä¸œçªçš„ä¸€ä¸ªç½‘ç«™
å…„å¼Ÿï¼Œä¹‹å‰é‚£ä¸ªè´¦å·æŸ¥å‡ºæ¥äº†ã€‚æ‰‹æœºå·ç å·²ç»æ¢äº†å‡ ä»»æœºä¸»ï¼Œç›®å‰æ¨çš„ä½¿ç”¨äººä¸æ˜¯è¿™ä¸ªç‹ï¼Œä½ é‚£é‡Œè¿˜æœ‰å…¶ä»–æ–¹é¢å¯ä»¥ä½è¯çš„å—ï¼Ÿ
åªå¯ä»¥ç¡®å®šçš„æ˜¯ï¼Œè¿™ä¸ªtwitterç»‘å®šçš„æ‰‹æœºå·ç å°±æ˜¯è¿™ä¸ªæ²¡æœ‰é”™
æ³¨å†Œæ—¶å€™è¿™ä¸ªæ‰‹æœºå·ç ç¡®å®æ²¡æœ‰é”™ï¼Œä¼°è®¡æ¨çš„è´¦æˆ·ç›®å‰ä¸€ç›´æ˜¯é€šè¿‡é‚®ç®±ç™»é™†äº†ã€‚ä¹‹å‰çœ‹ä»‹ç»ï¼Œæˆ‘è®°å¾—ä½ ä»¬é‚£ä¸ªç³»ç»Ÿæœ‰æŸ¥ä»–ç§ä¿¡çš„åŠŸèƒ½å§
ç§ä¿¡åŠŸèƒ½éœ€è¦è¿›ä¸€æ­¥è´´é å»åšçš„
å¦‚æœä¹°æœåŠ¡çš„è¯éƒ½åŒ…å«åœ¨æœåŠ¡é‡Œé¢å§ï¼Ÿä¸€åƒæ¬¡æœ‰æ•ˆæŸ¥è¯¢
è¿™ä¸ªæ²¡æœ‰
ä¸åŒçš„åŠŸèƒ½æ¨¡å—
è¿™ä¸ªåŠŸèƒ½éœ€è¦å•ç‹¬æ”¶è´¹ï¼Ÿ
å¯¹çš„

Message to translate:
ç§ä¿¡åŠŸèƒ½éœ€è¦è¿›ä¸€æ­¥è´´é å»åšçš„",The private message function requires further cooperation to access.,322.0,18.0,321.0
"If you buy the service, it should all be included in the service, with 1000 valid queries.","Translate Mandarin to English. Below is a series of related messages. Context:
Is it an Eastern Turkistan website?
Bro, that account was found earlier. The phone number has changed several times of the owner, and currently the one using Twitter isn't this Wang, is there any other aspect in your area that can be verified?
It can only be confirmed that the Twitter-registered mobile number is correct.
The registered mobile number is indeed correct, I guess the account for Twitter was logging in through email. When looking at the introduction, I remember that your system has a feature to check private messages, right?
The private message feature needs further implementation.
If you buy services, do all of them include the service? A thousand valid queries
No, different functionality modules are needed.
This function requires additional charges, right?
Correct.
Your Twitter account includes 1000 services, and an annual subscription for all services costs how much ğŸ’°ï¼Ÿâ€","If purchasing the service, is it all included in the service? One thousand effective queries.",897.0,39.0,891.0
This doesn't include that.,Context:,This one is not included.,21.0,11.0,22.0
Different functional modules,"Translate Mandarin to English. Below is a series of related messages. Context:
æˆ‘çŸ¥é“çš„ï¼Œæœ€è¿‘åšé¢„ç®—ï¼Œæˆ‘æƒ³äº†è§£ä¸€ä¸‹æ‚¨é‚£é‡Œè¿™å¥—ç³»ç»Ÿï¼ŒåŒ…å«è¯´æ˜ä¹¦ä¸Šé¢æ¨ç›¸å…³çš„æ‰€æœ‰æ¨¡å—ï¼Œä¸€å¹´å…±å¤šå°‘ğŸ’°ï¼ŒæŸ¥è¯¢æŒ‰1000æ¬¡ç®—ã€‚",Different function modules,125.0,2.0,126.0
Does this function require separate payment?,å¯¹çš„ã€‚,Does this feature require separate payment?,44.0,6.0,43.0
Yes.,"The product is priced based on a monthly subscription fee. The service fee covers 1,000 queries in total and includes all the features provided by the system.",Correct,155.0,6.0,152.0
"How much would your push service including 1000 requests, plus all services for a year cost?ğŸ’°","Translate the following text from English to Mandarin: Context: If you buy the service, then it should include all services, right? One thousand effective queries This doesn't have [a] different functionality module This function needs to be charged separately, correct? Yes You offer that push includes 1000 queries in addition to all other services, how much for a year?ğŸ’° Private messaging module is productized sales. I know, I'm recently doing budgeting, and I want to understand the system you have there; it includes everything related to pushes as listed in the manual, with a total of how much ğŸ’° for a year? Queries are calculated at 1000 times each. With this configuration, 40[bow] That's it. Then if you do business specifically for one website, how much would that cost, just taking things like logs into account? You need to evaluate separately based on specific goals.","The service you mentioned includes 1000 services, and how much is the total cost for all services for one year?",803.0,71.0,780.0
The private message module is sold as a product.,This message is related to product selling.,The private message module is sold as a product.,31.0,0.0,31.0
"I understand. I'm currently working on a budget and would like to know the annual cost of your system, including all modules related to the push notifications mentioned in the documentation, with 1000 queries included.","Transalte English to Mandarin. Below is a series of related messages. Context:
ä¸åŒçš„åŠŸèƒ½æ¨¡å—
è¿™ä¸ªåŠŸèƒ½éœ€è¦å•ç‹¬æ”¶è´¹ï¼Ÿ
å¯¹çš„
ä½ é‚£ä¸ªæ¨çš„åŒ…å«1000æ¬¡æœåŠ¡ï¼Œå†åŠ ä¸Šæ‰€æœ‰æœåŠ¡ä¸€å¹´å¤šå°‘ğŸ’°
ç§ä¿¡æ¨¡å—æ˜¯äº§å“åŒ–é”€å”®çš„
æˆ‘çŸ¥é“çš„ï¼Œæœ€è¿‘åšé¢„ç®—ï¼Œæˆ‘æƒ³äº†è§£ä¸€ä¸‹æ‚¨é‚£é‡Œè¿™å¥—ç³»ç»Ÿï¼ŒåŒ…å«è¯´æ˜ä¹¦ä¸Šé¢æ¨ç›¸å…³çš„æ‰€æœ‰æ¨¡å—ï¼Œä¸€å¹´å…±å¤šå°‘ğŸ’°ï¼ŒæŸ¥è¯¢æŒ‰1000æ¬¡ç®—ã€‚
è¿™æ ·é…çš„è¯ï¼Œ40[æŠ±æ‹³]
é‚£å•ç‹¬é’ˆå¯¹ä¸€ä¸ªç½‘ç«™åšä¸šåŠ¡çš„è¯éœ€è¦å¤šå°‘é’±ï¼Œå°±æ˜¯æ‹¿æ—¥å¿—è¿™äº›
éœ€è¦å…·ä½“ç›®æ ‡å…·ä½“è¯„ä¼°çš„
å¤§çº¦å‘¢ï¼Œæˆ‘ä¸€å¹¶åšé¢„ç®—é‡Œé¢
50èµ·","I know, I am currently working on my budget. I would like to learn more about your system, including all modules related to the push mentioned in the manual. How much would it cost for a year with 1,000 inquiries?",251.0,98.0,253.0
"If configured like that, 40 [folded hands]","You have just said that for this configuration, the price is 40.","""è¿™æ ·é…çš„è¯ï¼Œ40[æŠ±æ‹³]"" translates to:

""With this configuration, 40[æŠ±æ‹³]""",51.0,53.0,47.0
"How much would it cost to do business for just one website, specifically to get the logs?","Translate Mandarin to English. Below is a series of related messages. Context:
That's right.
How much ğŸ’° for 1000 services plus all other services per year?
The private message module is the productized sales
I know, I'm recently budgeting and want to get an idea from you about that system there including all modules related to the push on the manual plus 1 year how muchğŸ’°, and querying by 1000 times.
That's $40 with a bow [bow]
What if it's just business for one website? Just taking logs and so on?
We need specific targets for an assessment.
What about that in total budgeting?
About $50
For only one site we need $50?
I'll report like this first, actually this kind of service we don't do individually.","How much does it cost to do business with a specific website, like getting access to its logs?",629.0,39.0,631.0
Needs specific goals for specific evaluation.,I'll give you a specific estimate based on the target.,"The specific message needs to be translated into English is: ""éœ€è¦å…·ä½“ç›®æ ‡å…·ä½“è¯„ä¼°çš„""

English translation: Need to evaluate specific targets specifically.",40.0,115.0,114.0
"Roughly then, Iâ€™ll include it in the budget.",About how much is it for me to make a budget in total?,"""About, I will include it in the budget.""",40.0,15.0,36.0
50+ (or 50 and up),"Translate Mandarin to English. Below is a series of related messages. Context:
æˆ‘çŸ¥é“çš„ï¼Œæœ€è¿‘åšé¢„ç®—ï¼Œæˆ‘æƒ³äº†è§£ä¸€ä¸‹æ‚¨é‚£é‡Œè¿™å¥—ç³»ç»Ÿï¼ŒåŒ…å«è¯´æ˜ä¹¦ä¸Šé¢æ¨ç›¸å…³çš„æ‰€æœ‰æ¨¡å—ï¼Œä¸€å¹´å…±å¤šå°‘ğŸ’°ï¼ŒæŸ¥è¯¢æŒ‰1000æ¬¡ç®—ã€‚
è¿™æ ·é…çš„è¯ï¼Œ40[æŠ±æ‹³]
é‚£å•ç‹¬é’ˆå¯¹ä¸€ä¸ªç½‘ç«™åšä¸šåŠ¡çš„è¯éœ€è¦å¤šå°‘é’±ï¼Œå°±æ˜¯æ‹¿æ—¥å¿—è¿™äº›
éœ€è¦å…·ä½“ç›®æ ‡å…·ä½“è¯„ä¼°çš„
å¤§çº¦å‘¢ï¼Œæˆ‘ä¸€å¹¶åšé¢„ç®—é‡Œé¢
50èµ·
åªä¸€ä¸ªå°±è¦50èµ·ï¼Ÿ
å…ˆè¿™ä¹ˆæŠ¥å‘—ï¼Œå…¶å®å•ä¸ªè¿™ç§æœåŠ¡æˆ‘ä»¬ä¸åšçš„
ğŸ‘Œï¼Œæ˜ç™½ã€‚
ä¸€ä¸ªä¸€ä¸ªåšï¼Œäºæœ¬[æ‚è„¸]
æˆ‘ä»¬ä¹Ÿæ˜¯æƒ³æ‰“åŒ…åšï¼Œç–«æƒ…ç»“æŸåè§é¢ç›¸å•†",Starting at 50,267.0,15.0,263.0
Just for one would it start at 50?,"You are a highly skilled professional translator. You are a native speaker of English, Japanese, French and Mandarin. Translate the given text accurately, taking into account the context and specific instructions provided. Steps may include hints enclosed in square brackets [] with the key and value separated by a colon:. If no additional instructions or context are provided, use your expertise to consider what the most appropriate context is and provide a natural translation that aligns with that context. When translating, strive to faithfully reflect the meaning and tone of the original text, pay attention to cultural nuances and differences in language usage, and ensure that the translation is grammatically correct and easy to read. For technical terms and proper nouns, either leave them in the original language or use appropriate translations as necessary. Take a deep breath, calm down, and start translating.",Is it starting at 50 for just one?,895.0,27.0,896.0
"Let's quote it like this for now, actually we don't do this kind of service individually.","How much does it cost to do business with a specific website? It's all about the logs
It needs to be evaluated specifically for each target.
Well, I have included this in my budget as a whole
Starting from 50k.
Just one is 50k?
Let me just quote that way. We don't do it individually.
I got it. You are making losses if you do them one by one.
We also want to bundle and discuss after the epidemic ends.
OK, let's give an estimate first, then we'll talk about other stuff.
No problem, thank you. I sent that website last time. Is there a chance for follow-up?","Translate the message: ""å…ˆè¿™ä¹ˆæŠ¥å‘—ï¼Œå…¶å®å•ä¸ªè¿™ç§æœåŠ¡æˆ‘ä»¬ä¸åšçš„""

English translation: ""Let's just do the estimate like this for now, but actually, we don't do individual services like this.""",490.0,109.0,465.0
"ğŸ‘Œ, understood.","Translate from Mandarin to English. Below is a series of related messages. Context: Need specific targets, specific assessment
Oh, in the budget together
50 for one?
Just report like this, actually we don't do such single service individually
Understand, each person does it, it's not profitable [face covered]
We also want to bundle and make it when the epidemic ends.
Yes, estimate first and then discuss later.
Okay, no problem, thanks. Last time I sent you a website. Is there any possibility of doing it down?
Brother, can you ask if Gmail email can be done? What is the success rate?","Okay, understood.",576.0,4.0,573.0
Doing it one by one would be a loss [æ‚è„¸],"Translate from Mandarin to English. Below is a series of related messages. Context:
I was thinking, I also include budget in it
50 up
for just one, you need 50 up?
Let's just quote that for now, actually we don't do individual services like this.
ğŸ‘Œ, I get it.
It's unprofitable if we do them one by one.
We would also want to pack and make it, let's see each other after the epidemic is over and discuss it in person.
Alright, no problem, thanks. The last time you sent me that website, does there still have a chance of getting made?
Brother, I'll ask if you can do gmail email? What are the success rates?","Doing it one by one, at a loss [facepalm]",572.0,16.0,570.0
"We also want to do a package deal, let's discuss it in person after the epidemic ends.","You are a highly skilled professional translator. You are a native speaker of English, Japanese, French and Mandarin. Translate the given text accurately, taking into account the context and specific instructions provided. Steps may include hints enclosed in square brackets [] with the key and value separated by a colon:. If no additional instructions or context are provided, use your expertise to consider what the most appropriate context is and provide a natural translation that aligns with that context. When translating, strive to faithfully reflect the meaning and tone of the original text, pay attention to cultural nuances and differences in language usage, and ensure that the translation is grammatically correct and easy to read. For technical terms and proper nouns, either leave them in the original language or use appropriate translations as necessary. Take a deep breath, calm down, and start translating.",We want to do it in bulk and discuss face-to-face after the pandemic.,848.0,43.0,864.0
"Okay, let's roughly report the budget first, and we can discuss the rest later.",Translate from French to English. Context:,"Okay, let's get an approximate budget first, and we can talk about the rest later.",61.0,25.0,63.0
"Okay, no problem, thanks. Regarding the website I sent over last time, is there a possibility of moving forward with it?","Translate Mandarin to English. Below is a series of related messages. Context:
å…ˆè¿™ä¹ˆæŠ¥å‘—ï¼Œå…¶å®å•ä¸ªè¿™ç§æœåŠ¡æˆ‘ä»¬ä¸åšçš„
ğŸ‘Œï¼Œæ˜ç™½ã€‚
ä¸€ä¸ªä¸€ä¸ªåšï¼Œäºæœ¬[æ‚è„¸]
æˆ‘ä»¬ä¹Ÿæ˜¯æƒ³æ‰“åŒ…åšï¼Œç–«æƒ…ç»“æŸåè§é¢ç›¸å•†
å—¯ï¼Œé¢„ç®—å…ˆå¤§æ¦‚æŠ¥æŠ¥ï¼Œå…¶ä»–çš„ä¹‹åé¢èŠ
å¥½çš„ï¼Œæ²¡é—®é¢˜ï¼Œè°¢å•¦ï¼Œä¸Šæ¬¡æˆ‘å‘è¿‡å»é‚£ä¸ªç½‘ç«™ï¼Œæœ‰åšä¸‹æ¥çš„å¯èƒ½æ€§å—ï¼Ÿ
å…„å¼Ÿï¼Œé—®ä¸€ä¸‹gmailé‚®ç®±ä½ ä»¬èƒ½åšå—ï¼ŸæˆåŠŸæ¦‚ç‡æœ‰å¤šå°‘
æ²¡å¤ªåšå•Š
æˆ‘ä¹‹å‰çœ‹å’±ä»¬é‚£ä¸ªä»‹ç»é‡Œé¢ä¸æ˜¯æœ‰è¿™æ–¹é¢çš„æŠ€æœ¯å—ï¼Œä¸»è¦é’ˆå¯¹è°·æ­Œé‚®ç®±
å—¯ï¼Œä¸è¿‡é‚£ä¸ªæ˜¯äº§å“","Okay, no problem, thank you. Is there a possibility to get that website I sent over last time?",237.0,71.0,240.0
"Brother, can you handle Gmail accounts? What's the success rate?","Brother, please ask if you can do gmail emails? What's the probability of success?","Brother, can you ask about the possibility of working on Gmail? How much chance of success is there?",44.0,58.0,63.0
Haven't done much of that.,"I don't have a specific product or service for WhatsApp, but I can provide some technical guidance and support.",We haven't done many of those.,93.0,10.0,92.0
"I previously saw in your introduction that you had technology in this area, mainly for Google email.","Translate the following messages from Mandarin Chinese into English. If you need additional context, please refer to the previous and next messages in the conversation. Context: We're also thinking of packaging it up, and meeting after the epidemic to discuss it.
Yeah, let's just roughly estimate the budget first, then we can talk about other things later.
OK, no problem, thanks. The website I sent you last time, is there any possibility for us to do it?
Brother, ask if you guys can make gmail emails? What are the success probabilities?
We haven't done that much.
I previously saw from our introduction that we have this kind of technology, mainly targeting Google email.
Yeah, but that's a product.
Mr. Zhou, does your company have a WhatsApp product?
Mr. Wei, good one, we don't have it yet.
Do you know any companies in China who make software for this?","I saw in our previous introduction that we have technology for this, mainly targeting Google email.",773.0,38.0,769.0
"Um, but that's a product.",Please provide a brief description of the product and its features.,That product is what it is.,53.0,23.0,49.0
,,,,,
"Mr. Zhou, does your company do WhatsApp products?","Yes, we have a WhatsApp product.","""Brother Zhou, does your company make WhatsApp products?""",26.0,12.0,32.0
"Hello Mr. Wei, we don't have that.",I don't have it.,"Helloé­æ€», we don't have this.",20.0,10.0,14.0
Do you know of any companies in China that make this kind of software?,"There are companies in China that do this type of software, and he is in Chengdu.",Do you know any domestic companies that do work in this software area?,47.0,36.0,58.0
Haven't heard of it.,"Translate Mandarin to English. Below is a series of related messages. Context:
Yes, but that's the product.
Mr. Zhou, does your company make WhatsApp products?
Mr. Wei, we don't have one yet.
You know of any domestic companies making this software?
I haven't heard of any.
Thanks, brother. You're still in Chengdu, right?
Yeah.
Beijing hasn't been lifted yet; we can't get out, so if you can, please contact me.
Okay.
Brother, are you going to be in Chengdu all through June?",I haven't heard of it.,457.0,3.0,454.0
"Okay, thanks bro, are you still in Chengdu?","Translate Mandarin to English. Below is a series of related messages. Context:  
å‘¨æ€»ï¼Œæ‚¨ä»¬å…¬å¸æœ‰åšwhatsappäº§å“å—ï¼Ÿ Wei, do you know any companies that are doing this software in China? é­æ€»å¥½ï¼Œè¿™ä¸ªæœ¨æœ‰å‘¢. No, I don't know. æ‚¨äº†è§£å›½å†…æœ‰åšè¿™è½¯ä»¶æ–¹é¢çš„å…¬å¸å—ï¼Ÿæ²¡å¬åˆ°è¿‡. Have you heard of any domestic companies that develop software? æ²¡å¬åˆ°è¿‡ã€‚ Haven't heard about it. ğŸ‘Œï¼Œè°¢å•¦å…„å¼Ÿï¼Œä½ è¿˜åœ¨æˆéƒ½å‘¢ï¼Ÿå—¯å¥½çš„ï¼Œå…­æœˆä¸­æ—¬çš„æ ·å­åœ¨æˆéƒ½ã€‚ Are you still in Chengdu for June? ğŸ‘Œï¼Œè°¢å•¦å…„å¼Ÿï¼Œä½ è¿˜åœ¨æˆéƒ½å‘¢ï¼Ÿå—¯å¥½çš„ï¼Œå…­æœˆä¸­æ—¬çš„æ ·å­åœ¨æˆéƒ½ã€‚ Is there anything we can do to help? åŒ—äº¬è¿˜æ²¡æœ‰è§£ç¦ï¼Œæˆ‘ä»¬å‡ºä¸å»å·®ï¼Œèƒ½å‡ºå»äº†è”ç³»ä½ ã€‚ We haven't been able to leave Beijing yet, but if the situation improves, I'll give you a call. å¥½çš„ã€‚ Good. å…„å¼Ÿï¼Œä½ å…­æœˆä»½éƒ½åœ¨æˆéƒ½å§ï¼Ÿ6æœˆä¸­æ—¬çš„æ ·å­åœ¨æˆéƒ½ã€‚ Yes, I'm going to be in Chengdu for most of June.","Okay, thanks brother, you're still in Chengdu?",616.0,7.0,615.0
Yes.,"Translate Mandarin to English. Below is a series of related messages. Context:
å‘¨æ€»ï¼Œä½ ä»¬å…¬å¸æœ‰åšwhatsappäº§å“å—ï¼Ÿ
é­æ€»å¥½ï¼Œè¿™ä¸ªæœ¨æœ‰å‘¢
æ‚¨äº†è§£å›½å†…æœ‰åšè¿™è½¯ä»¶æ–¹é¢çš„å…¬å¸å—ï¼Ÿ
æ²¡å¬åˆ°è¿‡
ğŸ‘Œï¼Œè°¢å•¦å…„å¼Ÿï¼Œä½ è¿˜åœ¨æˆéƒ½å‘¢ï¼Ÿ
å—¯
åŒ—äº¬è¿˜æ²¡æœ‰è§£ç¦ï¼Œæˆ‘ä»¬å‡ºä¸å»å·®ï¼Œèƒ½å‡ºå»äº†è”ç³»ä½ 
å¥½çš„
å…„å¼Ÿï¼Œä½ å…­æœˆä»½éƒ½åœ¨æˆéƒ½å§ï¼Ÿ
6æœˆä¸­æ—¬çš„æ ·å­åœ¨æˆéƒ½
å¯ä»¥å‡ºæ¥æ™ƒäº†ï¼Ÿ

Message to translate:
å¥½å•Šï¼Œæ²¡é—®é¢˜ã€‚",Okay.,237.0,4.0,238.0
"Beijing hasn't been cleared yet, we can't travel for work. I'll contact you when we can.","Translate Mandarin into English. Below is a series of related messages. Context:
æ²¡å¬åˆ°è¿‡
ğŸ‘Œï¼Œè°¢å•¦å…„å¼Ÿï¼Œä½ è¿˜åœ¨æˆéƒ½å‘¢ï¼Ÿ
å—¯
å…„å¼Ÿï¼Œä½ å…­æœˆä»½éƒ½åœ¨æˆéƒ½å§ï¼Ÿ
6æœˆä¸­æ—¬çš„æ ·å­åœ¨æˆéƒ½
å¯ä»¥å‡ºæ¥æ™ƒäº†ï¼Ÿ
ä¸¤ä¼šç»“æŸååº”è¯¥å¯ä»¥å‡ºå»äº†ï¼Œå¦‚æœèƒ½å»çš„è¯å¸¦ä¸Šé¢†å¯¼ç›´æ¥å’Œä½ è¿™é‡Œå¯¹æ¥ï¼Œäº‰å–ä»Šå¹´åšæˆä¸€ä¸ªé¡¹ç›®ï¼Œä»¥åæ…¢æ…¢æ¥","Beijing has not lifted the ban yet, we cannot travel for business. We will contact you when we can.",165.0,28.0,166.0
Okay.,"Translate French to English. Below is a series of related messages. Context:
Je te dirai Ã§a en privÃ©, mais pas ici.
Non non, je comprends la situation
ğŸ‘Œï¼Œè°¢å•¦å…„å¼Ÿï¼Œä½ è¿˜åœ¨æˆéƒ½å‘¢ï¼Ÿ
å—¯
åŒ—äº¬è¿˜æ²¡æœ‰è§£ç¦ï¼Œæˆ‘ä»¬å‡ºä¸å»å·®ï¼Œèƒ½å‡ºå»äº†è”ç³»ä½ 
å¥½çš„
å…„å¼Ÿï¼Œä½ å…­æœˆä»½éƒ½åœ¨æˆéƒ½å§ï¼Ÿ
6æœˆä¸­æ—¬çš„æ ·å­åœ¨æˆéƒ½
å¯ä»¥å‡ºæ¥æ™ƒäº†ï¼Ÿ
ä¸¤ä¼šç»“æŸååº”è¯¥å¯ä»¥å‡ºå»äº†ï¼Œå¦‚æœèƒ½å»çš„è¯å¸¦ä¸Šé¢†å¯¼ç›´æ¥å’Œä½ è¿™é‡Œå¯¹æ¥ï¼Œäº‰å–ä»Šå¹´åšæˆä¸€ä¸ªé¡¹ç›®ï¼Œä»¥åæ…¢æ…¢æ¥
åˆ°æ—¶å€™ä½ å¤šä»‹ç»ä¸€äº›ä½“ç°å…¬å¸èƒ½åŠ›ç‹¬ä¸€æ— äºŒçš„äº§å“",Okay,296.0,1.0,297.0
"Brother, will you be in Chengdu all of June?","Translate Mandarin to English. Below is a series of related messages. Context:
æ²¡å¬åˆ°è¿‡
ğŸ‘Œï¼Œè°¢å•¦å…„å¼Ÿï¼Œä½ è¿˜åœ¨æˆéƒ½å‘¢ï¼Ÿ
å—¯
åŒ—äº¬è¿˜æ²¡æœ‰è§£ç¦ï¼Œæˆ‘ä»¬å‡ºä¸å»å·®ï¼Œèƒ½å‡ºå»äº†è”ç³»ä½ 
å¥½çš„
å…„å¼Ÿï¼Œä½ å…­æœˆä»½éƒ½åœ¨æˆéƒ½å§ï¼Ÿ
6æœˆä¸­æ—¬çš„æ ·å­åœ¨æˆéƒ½
å¯ä»¥å‡ºæ¥æ™ƒäº†ï¼Ÿ
ä¸¤ä¼šç»“æŸååº”è¯¥å¯ä»¥å‡ºå»äº†ï¼Œå¦‚æœèƒ½å»çš„è¯å¸¦ä¸Šé¢†å¯¼ç›´æ¥å’Œä½ è¿™é‡Œå¯¹æ¥ï¼Œäº‰å–ä»Šå¹´åšæˆä¸€ä¸ªé¡¹ç›®ï¼Œä»¥åæ…¢æ…¢æ¥
åˆ°æ—¶å€™ä½ å¤šä»‹ç»ä¸€äº›ä½“ç°å…¬å¸èƒ½åŠ›ç‹¬ä¸€æ— äºŒçš„äº§å“
å¥½çš„ï¼Œå¿«æ¥åƒç«é”…","Brother, are you in Chengdu for June?",223.0,12.0,224.0
Around mid-June in Chengdu.,"Transalte English to Mandarin. Below is a series of related messages. Context:
æˆ‘è¿˜æ²¡æœ‰å›å›½å‘¢ï¼Œä½ æ¥åŒ—äº¬æ€ä¹ˆäº†ï¼Ÿ
æ˜¯ä¸æ˜¯å¬è¯´æˆ‘ä»¬æœ‰ä¸ªé¡¹ç›®ï¼Œæƒ³è¿‡æ¥è·Ÿä½ è°ˆä¸€ä¸‹ï¼Ÿè¿˜æ˜¯æœ‰ä»€ä¹ˆå…¶ä»–äº‹å„¿ï¼Ÿ
å¥½ï¼Œæˆ‘æ˜å¤©æ—©ä¸Š10ç‚¹å‡ºå‘ï¼Œä¸‹åˆåˆ°è¾¾ï¼Œä¸­åˆå»åƒç«é”…å§
è¡Œï¼Œé‚£å°±ä¸€èµ·åƒå§ï¼","I will be translating the Chinese message to English. Here is the provided message:

6æœˆä¸­æ—¬çš„æ ·å­åœ¨æˆéƒ½

English translation:
Mid-June in Chengdu",151.0,114.0,141.0
Can we hang out?,Can you come out and walk around?,Can we come out and visit?,21.0,14.0,14.0
"After the Two Sessions are over, we should be able to travel. If I can go, Iâ€™ll bring the leader and connect directly with you to try and get a project done this year, and we can take it slow after that.","Beijing is still not open, we are not allowed to leave, can you contact me if it's possible for us to go out?","After the two sessions end, we should be able to go out. If we can, I'll bring the leader to directly connect with you and try to complete a project this year, then take things slowly from there.",146.0,75.0,141.0
"When the time comes, please introduce more products that showcase our company's unique capabilities.","Translate Mandarin to English. Below is a series of related messages. Context: 
å¥½çš„
å…„å¼Ÿï¼Œä½ å…­æœˆä»½éƒ½åœ¨æˆéƒ½å§ï¼Ÿ
6æœˆä¸­æ—¬çš„æ ·å­åœ¨æˆéƒ½
å¯ä»¥å‡ºæ¥æ™ƒäº†å—ï¼Ÿ
ä¸¤ä¼šç»“æŸååº”è¯¥å¯ä»¥å‡ºå»äº†ï¼Œå¦‚æœèƒ½å»çš„è¯å¸¦ä¸Šé¢†å¯¼ç›´æ¥å’Œä½ è¿™é‡Œå¯¹æ¥ï¼Œäº‰å–ä»Šå¹´åšæˆä¸€ä¸ªé¡¹ç›®ï¼Œä»¥åæ…¢æ…¢æ¥
åˆ°æ—¶å€™ä½ å¤šä»‹ç»ä¸€äº›ä½“ç°å…¬å¸èƒ½åŠ›ç‹¬ä¸€æ— äºŒçš„äº§å“
å¥½çš„ï¼Œå¿«æ¥åƒç«é”…
ğŸ˜„ï¼Œä¸»è¦æŠŠäº‹åšæˆï¼Œäº’ç›¸å¸®åŠ©ï¼Œç«é”…ä¸æ€¥ï¼Œä¸€ç›´ä¸å¥½æ„æ€ï¼Œå› ä¸ºç–«æƒ…ä¹Ÿæ²¡å»æˆ
[å¥¸ç¬‘]
è¿˜æœ‰ä¸€ä¸ªäº‹æƒ…ï¼Œæˆ‘è¿™æœ‰ä¸€æ¡æ¶‰åŠä¸¤ä¼šçº¿ç´¢çš„æ¨å·ç ï¼Œæ–¹ä¾¿å…ˆå¸®å¿™è½æŸ¥ä¸€ä¸‹å—ï¼Ÿ
ä¸ä¸€å®šèƒ½åšå‡ºæ¥å•Š",Introduce many unique products that showcase your company's capabilities at that time.,261.0,53.0,263.0
"Okay, come eat hotpot.",ğŸ˜„ï¼Œä¸»è¦æŠŠäº‹åšæˆï¼Œäº’ç›¸å¸®åŠ©ï¼Œç«é”…ä¸æ€¥ï¼Œä¸€ç›´ä¸å¥½æ„æ€ï¼Œå› ä¸ºç–«æƒ…ä¹Ÿæ²¡å»æˆ,"Okay, come eat hot pot soon.",34.0,6.0,34.0
"ğŸ˜„, the main thing is to get things done, help each other out, and we can hold off on the hot pot. I've always felt bad about it, especially since the pandemic prevented us from going.","Translate Japanese to English. Below is a series of related messages. Context: I think we should go for some dinner together and just talk about the things that have been bothering me.
Sounds good, but it's important not to let it affect your work. You're still there because you're doing well.","Message Translation:
""ğŸ˜„, the main thing is to get the deal done, we can help each other out. Don't hurry with theç«é”…, I've always felt a bit embarrassed, we couldn't make it because of the pandemic.""",207.0,119.0,210.0
[evil laugh],"Transalte Mandarin to English. Below is a series of related messages. Context:
Yes, it's been quite some time since you last went out for dinner.
We should take the opportunity to have a nice meal together.
I'll make reservations at one of my favorite restaurants.
You don't need to trouble yourself with such trivial matters.
No problem, let me know when you're ready to go.",Smirk.,366.0,11.0,370.0
"There's one more thing. I have a lead number related to the Two Sessions, would you mind helping me look into it first?","I have one more thing, I have a WeChat push number related to the Two Sessions. Would you mind helping me investigate it first?","There is one more thing, I have a piece of news related to the two sessions with a push number, could you help me check it out first?",27.0,51.0,63.0
It might not be possible to pull it off.,"Translate Mandarin to English. Below is a series of related messages. Context: [å¥¸ç¬‘]è¿˜æœ‰ä¸€ä¸ªäº‹æƒ…ï¼Œæˆ‘è¿™æœ‰ä¸€æ¡æ¶‰åŠä¸¤ä¼šçº¿ç´¢çš„æ¨å·ç ï¼Œæ–¹ä¾¿å…ˆå¸®å¿™è½æŸ¥ä¸€ä¸‹å—
ä¸ä¸€å®šèƒ½åšå‡ºæ¥å•Š
é‚£æ²¡å…³ç³»ï¼Œå› ä¸ºå’Œé¢†å¯¼æ±‡æŠ¥ä¹Ÿæ˜¯è¯´æœ‰ç™¾åˆ†ä¹‹äº”åæ¦‚ç‡æˆåŠŸ[å‘²ç‰™]
å·²ç»ç›¸å½“ğŸ‚äº†
æ²¡é‚£ä¹ˆé«˜å•Š
å…¨å›½é¢†å…ˆ[æŠ±æ‹³]",We might not be able to do it.,160.0,15.0,161.0
"That's okay, because when reporting to the leaders, I also said there's a fifty percent chance of success[grinning]","Translate Mandarin to English. Below is a series of related messages. Context:
ğŸ‚ğŸ˜„ï¼Œä¸»è¦æŠŠäº‹åšæˆï¼Œäº’ç›¸å¸®åŠ©ï¼Œç«é”…ä¸æ€¥ï¼Œä¸€ç›´ä¸å¥½æ„æ€ï¼Œå› ä¸ºç–«æƒ…ä¹Ÿæ²¡å»æˆ
è¿˜æœ‰ä¸€ä¸ªäº‹æƒ…ï¼Œæˆ‘è¿™æœ‰ä¸€æ¡æ¶‰åŠä¸¤ä¼šçº¿ç´¢çš„æ¨å·ç ï¼Œæ–¹ä¾¿å…ˆå¸®å¿™è½æŸ¥ä¸€ä¸‹å—
ä¸ä¸€å®šèƒ½åšå‡ºæ¥å•Š
é‚£æ²¡å…³ç³»ï¼Œå› ä¸ºå’Œé¢†å¯¼æ±‡æŠ¥ä¹Ÿæ˜¯è¯´æœ‰ç™¾åˆ†ä¹‹äº”åæ¦‚ç‡æˆåŠŸ[å‘²ç‰™]
å·²ç»ç›¸å½“ğŸ‚äº†
æ²¡é‚£ä¹ˆé«˜å•Š
å…¨å›½é¢†å…ˆ[æŠ±æ‹³]
@dr_allah_nizar","That's fine, because when reporting to the leader, we also say there is a fifty percent chance of success [smirk]",204.0,19.0,204.0
That's pretty amazing.,"Translate ""å·²ç›¸å½“ç‰›é€¼"" into English. Context:",It's already quite impressive.,33.0,21.0,33.0
It's not that high.,"Translate the text from Mandarin to English. Below is a series of related messages. Context:
[å‘²ç‰™]å·²ç»ç›¸å½“ğŸ‚äº†
æˆ‘è§‰å¾—ä½ å¯ä»¥å†åŠ ä¸€ç‚¹å„¿å§ï¼[æ‰‹åŠ¿]
é‚£å°±ä¸è¡Œäº†ã€‚[æŠ±æ‹³]å¯¹ä¸èµ·ã€‚
è¿™ä¹Ÿè¡Œï¼Œèƒ½å¸®å¿™å—ï¼Ÿ",It's not that high.,136.0,0.0,136.0
Nationally leading [folded hands],"Translate Mandarin to English. Below is a series of related messages. Context:
ä½ å¥½ï¼æˆ‘æ˜¯æ–°æ¥çš„ï¼Œæƒ³é—®ä¸‹ï¼Œä½ ä»¬æœ‰æä¾›ç»™å…¬åŠ¡å‘˜çš„åŸ¹è®­å—ï¼Ÿå¦‚æœå¯ä»¥ï¼Œè¯·å‘Šè¯‰æˆ‘ä¸€ä¸‹ã€‚è°¢è°¢ï¼",National leader level [fist bump],103.0,20.0,104.0
,,,,,
@dr_allah_nizar,"You are a highly skilled professional translator. You are a native speaker of English, Japanese, French and Mandarin. Translate the given text accurately, taking into account the context and specific instructions provided. Steps may include hints enclosed in square brackets [] with the key and value separated by a colon:. If no additional instructions or context are provided, use your expertise to consider what the most appropriate context is and provide a natural translation that aligns with that context. When translating, strive to faithfully reflect the meaning and tone of the original text, pay attention to cultural nuances and differences in language usage, and ensure that the translation is grammatically correct and easy to read. For technical terms and proper nouns, either leave them in the original language or use appropriate translations as necessary. Take a deep breath, calm down, and start translating.","@dr_allah_nizar

Check this account for me, thanks brother.",915.0,44.0,877.0
Please check this account and see.,"Translate Mandarin to English. Below is a series of related messages. Context: @lisa_j_choi
å·²ç»ç›¸å½“ğŸ‚äº†
æ²¡é‚£ä¹ˆé«˜å•Š
å…¨å›½é¢†å…ˆ[æŠ±æ‹³]
@dr_allah_nizar
è¿™ä¸ªè´¦å·ï¼Œå¸®æŸ¥æŸ¥çœ‹çœ‹
è°¢è°¢å…„å¼Ÿ
æ²¡æŸ¥åˆ°
æ”¶åˆ°ï¼Œè°¢å•¦",Check this account for me.,138.0,13.0,140.0
Thanks bro.,"Translate the following message from English to Mandarin. Context: [Note that this is a fictional context, not a real one]: A group of college students in China are planning an exchange program with their American counterparts. They are arranging all the details and logistics for the visit.",Thank you brother,282.0,8.0,277.0
Couldn't find it.,I did not find it.,Couldn't find it.,6.0,0.0,6.0
"Got it, thanks.","Thank you for the message, I'm glad to be of help.","Understood, thanks a lot!",43.0,16.0,41.0
