source_file,mentions,mentions2
csvs/01cdc26f-e773-4ad7-8808-d04abf16aae7.csv,"['0/png/01cdc26f-e773-4ad7-8808-d04abf16aae7_1_0.png', '0/png/01cdc26f-e773-4ad7-8808-d04abf16aae7_2_0.png']",{}
csvs/10.csv,"['0/png/0-6bcc0131-e4ad-421e-bb1f-d8ebe5eeec7b.png', '0/png/6bcc0131-e4ad-421e-bb1f-d8ebe5eeec7b.png', 'csvs/12756724-394c-4576-b373-7c53f1abbd94.csv', '0/png/5a84cde3-7175-4044-8c88-d4c883a8fd38.png', '0/png/0-5a84cde3-7175-4044-8c88-d4c883a8fd38.png', '0/png/0-79d9b7f2-cfe4-4615-9b75-8fea33fc0c9d.png', '0/png/79d9b7f2-cfe4-4615-9b75-8fea33fc0c9d.png', '0/png/e705d192-90ee-4fd1-9dcd-061958d1817f.png', '0/png/0-e705d192-90ee-4fd1-9dcd-061958d1817f.png', '0/png/0-4ea07c23-a1a6-411b-bcfb-552d095b66c9.png', '0/png/4ea07c23-a1a6-411b-bcfb-552d095b66c9.png']","{'csvs/12756724-394c-4576-b373-7c53f1abbd94.csv': ['12756724-394c-4576-b373-7c53f1abbd94_13.png', '12756724-394c-4576-b373-7c53f1abbd94_21.png', '12756724-394c-4576-b373-7c53f1abbd94_42.png', '12756724-394c-4576-b373-7c53f1abbd94_14.png', '12756724-394c-4576-b373-7c53f1abbd94_15.png', '12756724-394c-4576-b373-7c53f1abbd94_41.png', '12756724-394c-4576-b373-7c53f1abbd94_4.png', '12756724-394c-4576-b373-7c53f1abbd94_43.png', '12756724-394c-4576-b373-7c53f1abbd94_32.png', '12756724-394c-4576-b373-7c53f1abbd94_36.png', '12756724-394c-4576-b373-7c53f1abbd94_17.png', '12756724-394c-4576-b373-7c53f1abbd94_37.png', '12756724-394c-4576-b373-7c53f1abbd94_47.png', '12756724-394c-4576-b373-7c53f1abbd94_33.png', '12756724-394c-4576-b373-7c53f1abbd94_3.png', '12756724-394c-4576-b373-7c53f1abbd94_2.png', '12756724-394c-4576-b373-7c53f1abbd94_34.png', '12756724-394c-4576-b373-7c53f1abbd94_40.png', '12756724-394c-4576-b373-7c53f1abbd94_16.png', '12756724-394c-4576-b373-7c53f1abbd94_31.png', '12756724-394c-4576-b373-7c53f1abbd94_18.png', '12756724-394c-4576-b373-7c53f1abbd94_49.png', '12756724-394c-4576-b373-7c53f1abbd94_9.png', '12756724-394c-4576-b373-7c53f1abbd94_26.png', '12756724-394c-4576-b373-7c53f1abbd94_44.png', '12756724-394c-4576-b373-7c53f1abbd94_29.png', '12756724-394c-4576-b373-7c53f1abbd94_25.png', '12756724-394c-4576-b373-7c53f1abbd94_35.png', '12756724-394c-4576-b373-7c53f1abbd94_39.png', '12756724-394c-4576-b373-7c53f1abbd94_5.png', '12756724-394c-4576-b373-7c53f1abbd94_24.png', '12756724-394c-4576-b373-7c53f1abbd94_6.png', '12756724-394c-4576-b373-7c53f1abbd94_1.png', '12756724-394c-4576-b373-7c53f1abbd94_11.png', '12756724-394c-4576-b373-7c53f1abbd94_45.png', '12756724-394c-4576-b373-7c53f1abbd94_19.png', '12756724-394c-4576-b373-7c53f1abbd94_22.png', '12756724-394c-4576-b373-7c53f1abbd94_20.png', '12756724-394c-4576-b373-7c53f1abbd94_8.png', '12756724-394c-4576-b373-7c53f1abbd94_38.png', '12756724-394c-4576-b373-7c53f1abbd94_46.png', '12756724-394c-4576-b373-7c53f1abbd94_28.png', '12756724-394c-4576-b373-7c53f1abbd94_10.png', '12756724-394c-4576-b373-7c53f1abbd94_27.png', '12756724-394c-4576-b373-7c53f1abbd94_7.png', '12756724-394c-4576-b373-7c53f1abbd94_23.png', '12756724-394c-4576-b373-7c53f1abbd94_12.png', '12756724-394c-4576-b373-7c53f1abbd94_0.png', '12756724-394c-4576-b373-7c53f1abbd94_30.png', '12756724-394c-4576-b373-7c53f1abbd94_48.png']}"
csvs/13.csv,"['0/png/0-adaf869e-920a-4a17-91bd-e2ef3125c10e.png', 'csvs/585875ff-f8c5-4a02-acd7-fef37dc9ff11.csv', '0/png/adaf869e-920a-4a17-91bd-e2ef3125c10e.png', 'csvs/eda5b003-9250-4913-b724-74cca86240af.csv', '0/png/3556e54c-d418-447d-bb2a-43ac0408cc7a.png', '0/png/0-3556e54c-d418-447d-bb2a-43ac0408cc7a.png', '0/png/0-5ae9bdca-fdf9-4948-8c11-a9e400b331aa.png', '0/png/5ae9bdca-fdf9-4948-8c11-a9e400b331aa.png', '0/png/0-987ba39a-cc1c-4367-8d6d-f5a49a940198.png', '0/png/987ba39a-cc1c-4367-8d6d-f5a49a940198.png', '0/png/0-1b0dc208-d2bb-43ea-b744-534f3b759394.png', '0/png/1b0dc208-d2bb-43ea-b744-534f3b759394.png']","{'csvs/585875ff-f8c5-4a02-acd7-fef37dc9ff11.csv': ['585875ff-f8c5-4a02-acd7-fef37dc9ff11_13.png', '585875ff-f8c5-4a02-acd7-fef37dc9ff11_10.png', '585875ff-f8c5-4a02-acd7-fef37dc9ff11_1.png', '585875ff-f8c5-4a02-acd7-fef37dc9ff11_3.png', '585875ff-f8c5-4a02-acd7-fef37dc9ff11_2.png', '585875ff-f8c5-4a02-acd7-fef37dc9ff11_15.png', '585875ff-f8c5-4a02-acd7-fef37dc9ff11_8.png', '585875ff-f8c5-4a02-acd7-fef37dc9ff11_0.png', '585875ff-f8c5-4a02-acd7-fef37dc9ff11_12.png', '585875ff-f8c5-4a02-acd7-fef37dc9ff11_14.png', '585875ff-f8c5-4a02-acd7-fef37dc9ff11_18.png', '585875ff-f8c5-4a02-acd7-fef37dc9ff11_17.png', '585875ff-f8c5-4a02-acd7-fef37dc9ff11_7.png', '585875ff-f8c5-4a02-acd7-fef37dc9ff11_11.png', '585875ff-f8c5-4a02-acd7-fef37dc9ff11_19.png', '585875ff-f8c5-4a02-acd7-fef37dc9ff11_6.png', '585875ff-f8c5-4a02-acd7-fef37dc9ff11_16.png', '585875ff-f8c5-4a02-acd7-fef37dc9ff11_4.png', '585875ff-f8c5-4a02-acd7-fef37dc9ff11_9.png', '585875ff-f8c5-4a02-acd7-fef37dc9ff11_5.png'], 'csvs/eda5b003-9250-4913-b724-74cca86240af.csv': ['eda5b003-9250-4913-b724-74cca86240af_3.png', 'eda5b003-9250-4913-b724-74cca86240af_5.png', 'eda5b003-9250-4913-b724-74cca86240af_7.png', 'eda5b003-9250-4913-b724-74cca86240af_2.png', 'eda5b003-9250-4913-b724-74cca86240af_8.png', 'eda5b003-9250-4913-b724-74cca86240af_6.png', 'eda5b003-9250-4913-b724-74cca86240af_10.png', 'eda5b003-9250-4913-b724-74cca86240af_11.png', 'eda5b003-9250-4913-b724-74cca86240af_12.png', 'eda5b003-9250-4913-b724-74cca86240af_13.png', 'eda5b003-9250-4913-b724-74cca86240af_14.png', 'eda5b003-9250-4913-b724-74cca86240af_4.png', 'eda5b003-9250-4913-b724-74cca86240af_0.png', 'eda5b003-9250-4913-b724-74cca86240af_1.png', 'eda5b003-9250-4913-b724-74cca86240af_9.png']}"
csvs/15.csv,"['0/png/0-b8cea3b1-4dde-4438-9b1a-6faf690bbad0.png', '0/png/b8cea3b1-4dde-4438-9b1a-6faf690bbad0.png']",{}
csvs/178e3898-903d-47cf-bfbe-061e7dc18895.csv,"['0/png/178e3898-903d-47cf-bfbe-061e7dc18895_8.png', '0/png/178e3898-903d-47cf-bfbe-061e7dc18895_9.png', '0/png/178e3898-903d-47cf-bfbe-061e7dc18895_1.png', '0/png/178e3898-903d-47cf-bfbe-061e7dc18895_0.png', '0/png/178e3898-903d-47cf-bfbe-061e7dc18895_2.png', '0/png/178e3898-903d-47cf-bfbe-061e7dc18895_3.png', '0/png/178e3898-903d-47cf-bfbe-061e7dc18895_7.png', '0/png/178e3898-903d-47cf-bfbe-061e7dc18895_6.png', '0/png/178e3898-903d-47cf-bfbe-061e7dc18895_4.png', '0/png/178e3898-903d-47cf-bfbe-061e7dc18895_5.png', '0/png/178e3898-903d-47cf-bfbe-061e7dc18895_10.png']",{}
csvs/19.csv,"['0/png/6848748d-2881-4c26-b153-fcd5373d2f1c.png', '0/png/0-6848748d-2881-4c26-b153-fcd5373d2f1c.png']",{}
csvs/2.csv,"['csvs/07f179c5-5705-4dbd-94a7-66eed1e066b0.csv', '0/png/0-7150f512-e7a2-4f2c-86bc-58b671b25ba9.png', '0/png/7150f512-e7a2-4f2c-86bc-58b671b25ba9.png', '0/png/0-6e9aced1-df28-4e57-b7c8-641609ff4450.png', '0/png/383d824e-7588-4a92-84b7-fd953dd91cba.png', '0/png/0-383d824e-7588-4a92-84b7-fd953dd91cba.png', '0/png/6e9aced1-df28-4e57-b7c8-641609ff4450.png', '0/png/1a20ded1-50fc-4153-9a95-e158eeb7199e.png', '0/png/0-4ae9bf34-c16c-4684-aa92-fec65a151275.png', '0/png/0-1a20ded1-50fc-4153-9a95-e158eeb7199e.png', '0/png/4ae9bf34-c16c-4684-aa92-fec65a151275.png', '0/png/0-b8b76b6d-a50e-4246-82ee-3c8a5dcd523e.png', '0/png/b8b76b6d-a50e-4246-82ee-3c8a5dcd523e.png', '0/png/0-f0ce8a7b-909d-4fc5-ba13-ea66b2dc6448.png', '0/png/0-c5f1d959-39d1-4176-9cb1-1fb6e8baedc3.png', '0/png/f0ce8a7b-909d-4fc5-ba13-ea66b2dc6448.png', '0/png/c5f1d959-39d1-4176-9cb1-1fb6e8baedc3.png', '0/png/300450bf-221e-4eeb-bdda-dc1115c947ea.png', '0/png/0-300450bf-221e-4eeb-bdda-dc1115c947ea.png', '0/png/de359f8d-0745-4a93-959a-d1a6c361e326.png', '0/png/0-0f319bf6-e667-4bac-a974-dfda1142e9ff.png', '0/png/0-de359f8d-0745-4a93-959a-d1a6c361e326.png', '0/png/0f319bf6-e667-4bac-a974-dfda1142e9ff.png', '0/png/0-9a8077f5-ac41-491f-b192-6b4609324bda.png', '0/png/9a8077f5-ac41-491f-b192-6b4609324bda.png', '0/png/0-5ef1d666-e19d-4570-b800-6693a4f680ee.png', '0/png/62583414-9e32-4d09-8989-b5fa32a98a81.png', '0/png/0-08a6bcd3-6477-4252-8f35-4f8f80d114f9.png', '0/png/0-62583414-9e32-4d09-8989-b5fa32a98a81.png', '0/png/5ef1d666-e19d-4570-b800-6693a4f680ee.png', '0/png/08a6bcd3-6477-4252-8f35-4f8f80d114f9.png', '0/png/e07a9457-86f1-4f0f-86d7-8ea816b8d8d3.png', '0/png/4c74b697-0681-4223-9982-5ffaf4e98ed0.png', '0/png/6cbb3eeb-17e9-4af6-8da1-36eb6437f7bc.png', '0/png/0-e07a9457-86f1-4f0f-86d7-8ea816b8d8d3.png', '0/png/0-6cbb3eeb-17e9-4af6-8da1-36eb6437f7bc.png', '0/png/0-4c74b697-0681-4223-9982-5ffaf4e98ed0.png']","{'csvs/07f179c5-5705-4dbd-94a7-66eed1e066b0.csv': ['07f179c5-5705-4dbd-94a7-66eed1e066b0_1.png', '07f179c5-5705-4dbd-94a7-66eed1e066b0_0.png', '07f179c5-5705-4dbd-94a7-66eed1e066b0_2.png']}"
csvs/20.csv,"['0/png/0-785cc8c9-1225-4f93-b633-349bc5113512.png', '0/png/785cc8c9-1225-4f93-b633-349bc5113512.png', '0/png/f313f521-80a1-4db5-a8a7-53d29ee09890.png', '0/png/0-f313f521-80a1-4db5-a8a7-53d29ee09890.png', '0/png/af93eff8-2973-4746-9041-b2223016b117.png', '0/png/0-af93eff8-2973-4746-9041-b2223016b117.png', '0/png/0-b3ce4d51-6024-4b43-b0d2-d3faaf3c2879.png', '0/png/b3ce4d51-6024-4b43-b0d2-d3faaf3c2879.png']",{}
csvs/21.csv,"['0/png/9c8c9989-2293-4e68-9ffe-6f7a5f14562f.png', '0/png/0-9c8c9989-2293-4e68-9ffe-6f7a5f14562f.png']",{}
csvs/22.csv,"['0/png/0-b0a4acaa-d768-4f6d-8e54-6d20f271bb7c.png', '0/png/b0a4acaa-d768-4f6d-8e54-6d20f271bb7c.png', '0/png/0-493542fc-495f-4756-8451-c4ed084d8bf7.png', '0/png/493542fc-495f-4756-8451-c4ed084d8bf7.png']",{}
csvs/23.csv,['csvs/547aba02-6757-49c1-acb5-6df217cebfc7.csv'],"{'csvs/547aba02-6757-49c1-acb5-6df217cebfc7.csv': ['547aba02-6757-49c1-acb5-6df217cebfc7_3.png', '547aba02-6757-49c1-acb5-6df217cebfc7_0.png', '547aba02-6757-49c1-acb5-6df217cebfc7_2.png', '547aba02-6757-49c1-acb5-6df217cebfc7_1.png']}"
csvs/24.csv,"['0/png/0-96af60b3-299c-4e26-bca3-d9eb3e113b94.png', '0/png/96af60b3-299c-4e26-bca3-d9eb3e113b94.png', '0/png/fe221e78-67e4-4d88-b73d-e58a9943a036.png', '0/png/0-fe221e78-67e4-4d88-b73d-e58a9943a036.png', '0/png/fcf90a92-794c-40c6-aa4f-8ea82f8bed51.png', '0/png/0-fcf90a92-794c-40c6-aa4f-8ea82f8bed51.png', '0/png/0-1afcf93d-50f1-4f1e-896d-87b0da7519f7.png', '0/png/1afcf93d-50f1-4f1e-896d-87b0da7519f7.png']",{}
csvs/26.csv,['csvs/54990932-71af-48dd-9a7a-2617b1407c54.csv'],{'csvs/54990932-71af-48dd-9a7a-2617b1407c54.csv': ['54990932-71af-48dd-9a7a-2617b1407c54_0.png']}
csvs/2db27de1-d5c5-4f89-8572-da697a6329e4.csv,"['0/png/2db27de1-d5c5-4f89-8572-da697a6329e4_5_0.png', '0/png/2db27de1-d5c5-4f89-8572-da697a6329e4_3_0.png', '0/png/2db27de1-d5c5-4f89-8572-da697a6329e4_1_0.png', '0/png/2db27de1-d5c5-4f89-8572-da697a6329e4_4_0.png', '0/png/2db27de1-d5c5-4f89-8572-da697a6329e4_2_0.png', '0/png/2db27de1-d5c5-4f89-8572-da697a6329e4_2_1.png']",{}
csvs/3.csv,['csvs/3f451a52-d210-48d9-b56e-d28b9570bdc4.csv'],{'csvs/3f451a52-d210-48d9-b56e-d28b9570bdc4.csv': ['3f451a52-d210-48d9-b56e-d28b9570bdc4_0.png']}
csvs/3348953d-66e9-4cac-8675-65bb5f2ef929.csv,"['0/png/3348953d-66e9-4cac-8675-65bb5f2ef929_4_0.png', '0/png/3348953d-66e9-4cac-8675-65bb5f2ef929_2_1.png', '0/png/3348953d-66e9-4cac-8675-65bb5f2ef929_2_0.png', '0/png/3348953d-66e9-4cac-8675-65bb5f2ef929_5_0.png', '0/png/3348953d-66e9-4cac-8675-65bb5f2ef929_1_0.png', '0/png/3348953d-66e9-4cac-8675-65bb5f2ef929_3_0.png']",{}
csvs/4.csv,"['0/png/62ff30cf-de5f-4388-82aa-b69b0fd0f07c.png', '0/png/0-62ff30cf-de5f-4388-82aa-b69b0fd0f07c.png', '0/png/f41b7574-57b4-4c9f-907c-2a3c48a56157.png', '0/png/0-f41b7574-57b4-4c9f-907c-2a3c48a56157.png', '0/png/0-330f554f-a3e6-4bd3-8b1b-d5949e1f30e8.png', '0/png/330f554f-a3e6-4bd3-8b1b-d5949e1f30e8.png', '0/png/dd5b6a38-dc17-4122-a242-32006b381b3a.png', '0/png/0-dd5b6a38-dc17-4122-a242-32006b381b3a.png', '0/png/0-fc27ce32-9c96-416c-9c38-84977255e0ba.png', '0/png/fc27ce32-9c96-416c-9c38-84977255e0ba.png', '0/png/0-bcad4fdf-3771-4873-92fa-23240654118a.png', '0/png/bcad4fdf-3771-4873-92fa-23240654118a.png']",{}
csvs/48fd4c79-41ca-459e-a5a5-a3738e7a4af3.csv,['0/png/48fd4c79-41ca-459e-a5a5-a3738e7a4af3_0.png'],{}
csvs/5387a301-0af8-4e24-a197-20189f87b9ef.csv,"['0/png/5387a301-0af8-4e24-a197-20189f87b9ef_8.png', '0/png/5387a301-0af8-4e24-a197-20189f87b9ef_9.png', '0/png/5387a301-0af8-4e24-a197-20189f87b9ef_11.png', '0/png/5387a301-0af8-4e24-a197-20189f87b9ef_10.png', '0/png/5387a301-0af8-4e24-a197-20189f87b9ef_1.png', '0/png/5387a301-0af8-4e24-a197-20189f87b9ef_0.png', '0/png/5387a301-0af8-4e24-a197-20189f87b9ef_2.png', '0/png/5387a301-0af8-4e24-a197-20189f87b9ef_3.png', '0/png/5387a301-0af8-4e24-a197-20189f87b9ef_7.png', '0/png/5387a301-0af8-4e24-a197-20189f87b9ef_6.png', '0/png/5387a301-0af8-4e24-a197-20189f87b9ef_4.png', '0/png/5387a301-0af8-4e24-a197-20189f87b9ef_5.png']",{}
csvs/5a6b122c-39c1-4581-8c1f-2d6f36a9f8a0.csv,"['0/png/5a6b122c-39c1-4581-8c1f-2d6f36a9f8a0_24.png', '0/png/5a6b122c-39c1-4581-8c1f-2d6f36a9f8a0_30.png', '0/png/5a6b122c-39c1-4581-8c1f-2d6f36a9f8a0_18.png', '0/png/5a6b122c-39c1-4581-8c1f-2d6f36a9f8a0_19.png', '0/png/5a6b122c-39c1-4581-8c1f-2d6f36a9f8a0_31.png', '0/png/5a6b122c-39c1-4581-8c1f-2d6f36a9f8a0_25.png', '0/png/5a6b122c-39c1-4581-8c1f-2d6f36a9f8a0_33.png', '0/png/5a6b122c-39c1-4581-8c1f-2d6f36a9f8a0_27.png', '0/png/5a6b122c-39c1-4581-8c1f-2d6f36a9f8a0_26.png', '0/png/5a6b122c-39c1-4581-8c1f-2d6f36a9f8a0_32.png', '0/png/5a6b122c-39c1-4581-8c1f-2d6f36a9f8a0_36.png', '0/png/5a6b122c-39c1-4581-8c1f-2d6f36a9f8a0_22.png', '0/png/5a6b122c-39c1-4581-8c1f-2d6f36a9f8a0_23.png', '0/png/5a6b122c-39c1-4581-8c1f-2d6f36a9f8a0_37.png', '0/png/5a6b122c-39c1-4581-8c1f-2d6f36a9f8a0_21.png', '0/png/5a6b122c-39c1-4581-8c1f-2d6f36a9f8a0_35.png', '0/png/5a6b122c-39c1-4581-8c1f-2d6f36a9f8a0_34.png', '0/png/5a6b122c-39c1-4581-8c1f-2d6f36a9f8a0_20.png', '0/png/5a6b122c-39c1-4581-8c1f-2d6f36a9f8a0_8.png', '0/png/5a6b122c-39c1-4581-8c1f-2d6f36a9f8a0_9.png', '0/png/5a6b122c-39c1-4581-8c1f-2d6f36a9f8a0_41.png', '0/png/5a6b122c-39c1-4581-8c1f-2d6f36a9f8a0_40.png', '0/png/5a6b122c-39c1-4581-8c1f-2d6f36a9f8a0_42.png', '0/png/5a6b122c-39c1-4581-8c1f-2d6f36a9f8a0_43.png', '0/png/5a6b122c-39c1-4581-8c1f-2d6f36a9f8a0_2.png', '0/png/5a6b122c-39c1-4581-8c1f-2d6f36a9f8a0_3.png', '0/png/5a6b122c-39c1-4581-8c1f-2d6f36a9f8a0_1.png', '0/png/5a6b122c-39c1-4581-8c1f-2d6f36a9f8a0_0.png', '0/png/5a6b122c-39c1-4581-8c1f-2d6f36a9f8a0_4.png', '0/png/5a6b122c-39c1-4581-8c1f-2d6f36a9f8a0_5.png', '0/png/5a6b122c-39c1-4581-8c1f-2d6f36a9f8a0_7.png', '0/png/5a6b122c-39c1-4581-8c1f-2d6f36a9f8a0_6.png', '0/png/5a6b122c-39c1-4581-8c1f-2d6f36a9f8a0_11.png', '0/png/5a6b122c-39c1-4581-8c1f-2d6f36a9f8a0_39.png', '0/png/5a6b122c-39c1-4581-8c1f-2d6f36a9f8a0_38.png', '0/png/5a6b122c-39c1-4581-8c1f-2d6f36a9f8a0_10.png', '0/png/5a6b122c-39c1-4581-8c1f-2d6f36a9f8a0_12.png', '0/png/5a6b122c-39c1-4581-8c1f-2d6f36a9f8a0_13.png', '0/png/5a6b122c-39c1-4581-8c1f-2d6f36a9f8a0_17.png', '0/png/5a6b122c-39c1-4581-8c1f-2d6f36a9f8a0_16.png', '0/png/5a6b122c-39c1-4581-8c1f-2d6f36a9f8a0_28.png', '0/png/5a6b122c-39c1-4581-8c1f-2d6f36a9f8a0_14.png', '0/png/5a6b122c-39c1-4581-8c1f-2d6f36a9f8a0_15.png', '0/png/5a6b122c-39c1-4581-8c1f-2d6f36a9f8a0_29.png']",{}
csvs/5e5bd90e-60c5-402f-b488-750456a81a13.csv,"['0/png/5e5bd90e-60c5-402f-b488-750456a81a13_11.png', '0/png/5e5bd90e-60c5-402f-b488-750456a81a13_9.png', '0/png/5e5bd90e-60c5-402f-b488-750456a81a13_8.png', '0/png/5e5bd90e-60c5-402f-b488-750456a81a13_10.png', '0/png/5e5bd90e-60c5-402f-b488-750456a81a13_12.png', '0/png/5e5bd90e-60c5-402f-b488-750456a81a13_6.png', '0/png/5e5bd90e-60c5-402f-b488-750456a81a13_7.png', '0/png/5e5bd90e-60c5-402f-b488-750456a81a13_5.png', '0/png/5e5bd90e-60c5-402f-b488-750456a81a13_4.png', '0/png/5e5bd90e-60c5-402f-b488-750456a81a13_0.png', '0/png/5e5bd90e-60c5-402f-b488-750456a81a13_1.png', '0/png/5e5bd90e-60c5-402f-b488-750456a81a13_3.png', '0/png/5e5bd90e-60c5-402f-b488-750456a81a13_2.png']",{}
csvs/6.csv,['csvs/dbc9c90e-a3e6-4d71-bb93-5fb8394095ac.csv'],{'csvs/dbc9c90e-a3e6-4d71-bb93-5fb8394095ac.csv': ['dbc9c90e-a3e6-4d71-bb93-5fb8394095ac_0.png']}
csvs/64bba692-d430-440c-9f1e-2575f45770af.csv,"['0/png/64bba692-d430-440c-9f1e-2575f45770af_6.png', '0/png/64bba692-d430-440c-9f1e-2575f45770af_7.png', '0/png/64bba692-d430-440c-9f1e-2575f45770af_5.png', '0/png/64bba692-d430-440c-9f1e-2575f45770af_4.png', '0/png/64bba692-d430-440c-9f1e-2575f45770af_0.png', '0/png/64bba692-d430-440c-9f1e-2575f45770af_1.png', '0/png/64bba692-d430-440c-9f1e-2575f45770af_3.png', '0/png/64bba692-d430-440c-9f1e-2575f45770af_2.png', '0/png/64bba692-d430-440c-9f1e-2575f45770af_9.png', '0/png/64bba692-d430-440c-9f1e-2575f45770af_12.png', '0/png/64bba692-d430-440c-9f1e-2575f45770af_8.png', '0/png/64bba692-d430-440c-9f1e-2575f45770af_11.png', '0/png/64bba692-d430-440c-9f1e-2575f45770af_10.png']",{}
csvs/6d7fc7b3-c892-4cb5-bd4b-a5713c089d88.csv,['0/png/6d7fc7b3-c892-4cb5-bd4b-a5713c089d88_0.png'],{}
csvs/7.csv,"['csvs/9d7bc879-3250-4013-ac04-5ff9bd6dff40.csv', '0/png/645dfc97-3268-4e1d-920d-4138545456fa.png', '0/png/0-645dfc97-3268-4e1d-920d-4138545456fa.png', '0/png/0-1cc570d8-cddb-401e-8c37-ef10c0e4841f.png', '0/png/1cc570d8-cddb-401e-8c37-ef10c0e4841f.png', '0/png/94b16e53-f035-4aa9-a76e-80bc6e936d10.png', '0/png/0-94b16e53-f035-4aa9-a76e-80bc6e936d10.png']","{'csvs/9d7bc879-3250-4013-ac04-5ff9bd6dff40.csv': ['话单.txt', 'tele2-lbs.log', 'UBSCRIBER.txt', 'IDTV.txt', 'beeline-lbs.txt', 'beeline-77774042222.txt', '77753527617.log', '9d7bc879-3250-4013-ac04-5ff9bd6dff40_0.png', 'tele2-cdr.log', 'beeline-77051056626.txt', '9d7bc879-3250-4013-ac04-5ff9bd6dff40_1.png', 'LAC.txt', 'tele2-crm.log', '77010155050.log', 'CRM.txt', 'IDNET.txt', 'beeline-crm.txt', '77783030133.log', 'beeline-cdr.txt']}"
csvs/9.csv,"['0/png/0-32eb7662-f212-4811-a7c1-1cfeb121cd99.png', '0/png/32eb7662-f212-4811-a7c1-1cfeb121cd99.png', '0/png/aa99f763-6849-4f6b-adf2-58f0cc2ed545.png', '0/png/0-aa99f763-6849-4f6b-adf2-58f0cc2ed545.png', '0/png/0-5d4e3e02-1dfc-469e-8af9-8dbe2b9f1564.png', '0/png/5d4e3e02-1dfc-469e-8af9-8dbe2b9f1564.png', '0/png/b6eb1b15-cf99-475c-921f-f06e5c1019d4.png', '0/png/0-b6eb1b15-cf99-475c-921f-f06e5c1019d4.png', '0/png/129ac70f-8942-4ca7-b1f2-ddeaa3d984b5.png', '0/png/ee47dfea-2626-4107-8ab3-4663167e0493.png', '0/png/0-129ac70f-8942-4ca7-b1f2-ddeaa3d984b5.png', '0/png/0-ee47dfea-2626-4107-8ab3-4663167e0493.png', '0/png/70c63791-2797-4bf0-a778-ea08819aa9de.png', '0/png/0-0baba509-5e81-4b88-b509-843822d09e21.png', '0/png/0baba509-5e81-4b88-b509-843822d09e21.png', '0/png/0-70c63791-2797-4bf0-a778-ea08819aa9de.png', '0/png/b9d9c584-5e21-4a49-952b-ffecca4eb91e.png', '0/png/0-b9d9c584-5e21-4a49-952b-ffecca4eb91e.png']",{}
csvs/912204cb-8ab7-48b8-9abf-d803f3804d08.csv,"['0/png/912204cb-8ab7-48b8-9abf-d803f3804d08_11.png', '0/png/912204cb-8ab7-48b8-9abf-d803f3804d08_10.png', '0/png/912204cb-8ab7-48b8-9abf-d803f3804d08_12.png', '0/png/912204cb-8ab7-48b8-9abf-d803f3804d08_5.png', '0/png/912204cb-8ab7-48b8-9abf-d803f3804d08_4.png', '0/png/912204cb-8ab7-48b8-9abf-d803f3804d08_6.png', '0/png/912204cb-8ab7-48b8-9abf-d803f3804d08_7.png', '0/png/912204cb-8ab7-48b8-9abf-d803f3804d08_3.png', '0/png/912204cb-8ab7-48b8-9abf-d803f3804d08_2.png', '0/png/912204cb-8ab7-48b8-9abf-d803f3804d08_0.png', '0/png/912204cb-8ab7-48b8-9abf-d803f3804d08_1.png', '0/png/912204cb-8ab7-48b8-9abf-d803f3804d08_9.png', '0/png/912204cb-8ab7-48b8-9abf-d803f3804d08_8.png']",{}
csvs/9fd06037-11f1-4ad5-9a7d-cbfb3fa4193b.csv,"['0/png/9fd06037-11f1-4ad5-9a7d-cbfb3fa4193b_2.png', '0/png/9fd06037-11f1-4ad5-9a7d-cbfb3fa4193b_0.png', '0/png/9fd06037-11f1-4ad5-9a7d-cbfb3fa4193b_1.png']",{}
csvs/9fe6b262-9944-417d-a0c4-9f2de1de2994.csv,"['0/png/9fe6b262-9944-417d-a0c4-9f2de1de2994_9.png', '0/png/9fe6b262-9944-417d-a0c4-9f2de1de2994_18.png', '0/png/9fe6b262-9944-417d-a0c4-9f2de1de2994_8.png', '0/png/9fe6b262-9944-417d-a0c4-9f2de1de2994_6.png', '0/png/9fe6b262-9944-417d-a0c4-9f2de1de2994_17.png', '0/png/9fe6b262-9944-417d-a0c4-9f2de1de2994_16.png', '0/png/9fe6b262-9944-417d-a0c4-9f2de1de2994_7.png', '0/png/9fe6b262-9944-417d-a0c4-9f2de1de2994_5.png', '0/png/9fe6b262-9944-417d-a0c4-9f2de1de2994_14.png', '0/png/9fe6b262-9944-417d-a0c4-9f2de1de2994_15.png', '0/png/9fe6b262-9944-417d-a0c4-9f2de1de2994_4.png', '0/png/9fe6b262-9944-417d-a0c4-9f2de1de2994_0.png', '0/png/9fe6b262-9944-417d-a0c4-9f2de1de2994_11.png', '0/png/9fe6b262-9944-417d-a0c4-9f2de1de2994_10.png', '0/png/9fe6b262-9944-417d-a0c4-9f2de1de2994_1.png', '0/png/9fe6b262-9944-417d-a0c4-9f2de1de2994_3.png', '0/png/9fe6b262-9944-417d-a0c4-9f2de1de2994_12.png', '0/png/9fe6b262-9944-417d-a0c4-9f2de1de2994_13.png', '0/png/9fe6b262-9944-417d-a0c4-9f2de1de2994_2.png']",{}
csvs/a1ba4d8b-f382-44c4-ac3f-746a44746bb4.csv,"['0/png/a1ba4d8b-f382-44c4-ac3f-746a44746bb4_0.png', '0/png/a1ba4d8b-f382-44c4-ac3f-746a44746bb4_1.png']",{}
csvs/aedc6a39-7862-4bbc-99e7-780ab3980282.csv,"['0/png/aedc6a39-7862-4bbc-99e7-780ab3980282_3_0.png', '0/png/aedc6a39-7862-4bbc-99e7-780ab3980282_1_0.png', '0/png/aedc6a39-7862-4bbc-99e7-780ab3980282_4_0.png', '0/png/aedc6a39-7862-4bbc-99e7-780ab3980282_4_1.png', '0/png/aedc6a39-7862-4bbc-99e7-780ab3980282_2_0.png', '0/png/aedc6a39-7862-4bbc-99e7-780ab3980282_2_1.png']",{}
csvs/b3031e66-40b6-45e8-9bcd-891dc1a280da.csv,"['0/png/b3031e66-40b6-45e8-9bcd-891dc1a280da_0.png', '0/png/b3031e66-40b6-45e8-9bcd-891dc1a280da_14.png', '0/png/b3031e66-40b6-45e8-9bcd-891dc1a280da_15.png', '0/png/b3031e66-40b6-45e8-9bcd-891dc1a280da_1.png', '0/png/b3031e66-40b6-45e8-9bcd-891dc1a280da_3.png', '0/png/b3031e66-40b6-45e8-9bcd-891dc1a280da_17.png', '0/png/b3031e66-40b6-45e8-9bcd-891dc1a280da_16.png', '0/png/b3031e66-40b6-45e8-9bcd-891dc1a280da_2.png', '0/png/b3031e66-40b6-45e8-9bcd-891dc1a280da_6.png', '0/png/b3031e66-40b6-45e8-9bcd-891dc1a280da_12.png', '0/png/b3031e66-40b6-45e8-9bcd-891dc1a280da_13.png', '0/png/b3031e66-40b6-45e8-9bcd-891dc1a280da_7.png', '0/png/b3031e66-40b6-45e8-9bcd-891dc1a280da_5.png', '0/png/b3031e66-40b6-45e8-9bcd-891dc1a280da_11.png', '0/png/b3031e66-40b6-45e8-9bcd-891dc1a280da_10.png', '0/png/b3031e66-40b6-45e8-9bcd-891dc1a280da_4.png', '0/png/b3031e66-40b6-45e8-9bcd-891dc1a280da_9.png', '0/png/b3031e66-40b6-45e8-9bcd-891dc1a280da_21.png', '0/png/b3031e66-40b6-45e8-9bcd-891dc1a280da_20.png', '0/png/b3031e66-40b6-45e8-9bcd-891dc1a280da_8.png', '0/png/b3031e66-40b6-45e8-9bcd-891dc1a280da_22.png', '0/png/b3031e66-40b6-45e8-9bcd-891dc1a280da_23.png', '0/png/b3031e66-40b6-45e8-9bcd-891dc1a280da_24.png', '0/png/b3031e66-40b6-45e8-9bcd-891dc1a280da_18.png', '0/png/b3031e66-40b6-45e8-9bcd-891dc1a280da_19.png']",{}
csvs/d410e4aa-fb52-4ed4-9078-4483267a02b3.csv,"['0/png/d410e4aa-fb52-4ed4-9078-4483267a02b3_4.png', '0/png/d410e4aa-fb52-4ed4-9078-4483267a02b3_0.png', '0/png/d410e4aa-fb52-4ed4-9078-4483267a02b3_1.png', '0/png/d410e4aa-fb52-4ed4-9078-4483267a02b3_3.png', '0/png/d410e4aa-fb52-4ed4-9078-4483267a02b3_2.png']",{}
csvs/d5ff8b65-db15-418a-b33e-169498d79110.csv,"['0/png/d5ff8b65-db15-418a-b33e-169498d79110_11.png', '0/png/d5ff8b65-db15-418a-b33e-169498d79110_1.png', '0/png/d5ff8b65-db15-418a-b33e-169498d79110_0.png', '0/png/d5ff8b65-db15-418a-b33e-169498d79110_10.png', '0/png/d5ff8b65-db15-418a-b33e-169498d79110_12.png', '0/png/d5ff8b65-db15-418a-b33e-169498d79110_2.png', '0/png/d5ff8b65-db15-418a-b33e-169498d79110_3.png', '0/png/d5ff8b65-db15-418a-b33e-169498d79110_13.png', '0/png/d5ff8b65-db15-418a-b33e-169498d79110_17.png', '0/png/d5ff8b65-db15-418a-b33e-169498d79110_7.png', '0/png/d5ff8b65-db15-418a-b33e-169498d79110_6.png', '0/png/d5ff8b65-db15-418a-b33e-169498d79110_16.png', '0/png/d5ff8b65-db15-418a-b33e-169498d79110_14.png', '0/png/d5ff8b65-db15-418a-b33e-169498d79110_4.png', '0/png/d5ff8b65-db15-418a-b33e-169498d79110_5.png', '0/png/d5ff8b65-db15-418a-b33e-169498d79110_15.png', '0/png/d5ff8b65-db15-418a-b33e-169498d79110_18.png', '0/png/d5ff8b65-db15-418a-b33e-169498d79110_8.png', '0/png/d5ff8b65-db15-418a-b33e-169498d79110_9.png', '0/png/d5ff8b65-db15-418a-b33e-169498d79110_19.png', '0/png/d5ff8b65-db15-418a-b33e-169498d79110_21.png', '0/png/d5ff8b65-db15-418a-b33e-169498d79110_20.png']",{}
csvs/e182d867-dc18-43fd-a418-26dcf784242f.csv,"['0/png/e182d867-dc18-43fd-a418-26dcf784242f_2_2.png', '0/png/e182d867-dc18-43fd-a418-26dcf784242f_2_3.png', '0/png/e182d867-dc18-43fd-a418-26dcf784242f_2_1.png', '0/png/e182d867-dc18-43fd-a418-26dcf784242f_2_0.png', '0/png/e182d867-dc18-43fd-a418-26dcf784242f_1_3.png', '0/png/e182d867-dc18-43fd-a418-26dcf784242f_3_0.png', '0/png/e182d867-dc18-43fd-a418-26dcf784242f_1_2.png', '0/png/e182d867-dc18-43fd-a418-26dcf784242f_1_0.png', '0/png/e182d867-dc18-43fd-a418-26dcf784242f_1_1.png', '0/png/e182d867-dc18-43fd-a418-26dcf784242f_1_4.png']",{}
csvs/f179eb06-0c53-44df-a13f-570be23355bb.csv,"['0/png/f179eb06-0c53-44df-a13f-570be23355bb_1.png', '0/png/f179eb06-0c53-44df-a13f-570be23355bb_0.png', '0/png/f179eb06-0c53-44df-a13f-570be23355bb_2.png', '0/png/f179eb06-0c53-44df-a13f-570be23355bb_3.png', '0/png/f179eb06-0c53-44df-a13f-570be23355bb_7.png', '0/png/f179eb06-0c53-44df-a13f-570be23355bb_6.png', '0/png/f179eb06-0c53-44df-a13f-570be23355bb_4.png', '0/png/f179eb06-0c53-44df-a13f-570be23355bb_5.png', '0/png/f179eb06-0c53-44df-a13f-570be23355bb_18.png', '0/png/f179eb06-0c53-44df-a13f-570be23355bb_19.png', '0/png/f179eb06-0c53-44df-a13f-570be23355bb_20.png', '0/png/f179eb06-0c53-44df-a13f-570be23355bb_11.png', '0/png/f179eb06-0c53-44df-a13f-570be23355bb_10.png', '0/png/f179eb06-0c53-44df-a13f-570be23355bb_12.png', '0/png/f179eb06-0c53-44df-a13f-570be23355bb_13.png', '0/png/f179eb06-0c53-44df-a13f-570be23355bb_17.png', '0/png/f179eb06-0c53-44df-a13f-570be23355bb_16.png', '0/png/f179eb06-0c53-44df-a13f-570be23355bb_14.png', '0/png/f179eb06-0c53-44df-a13f-570be23355bb_15.png', '0/png/f179eb06-0c53-44df-a13f-570be23355bb_8.png', '0/png/f179eb06-0c53-44df-a13f-570be23355bb_9.png']",{}
csvs/f7205881-3904-42ec-ab2c-04f36fa24785.csv,"['0/png/f7205881-3904-42ec-ab2c-04f36fa24785_0.png', '0/png/f7205881-3904-42ec-ab2c-04f36fa24785_1.png', '0/png/f7205881-3904-42ec-ab2c-04f36fa24785_3.png', '0/png/f7205881-3904-42ec-ab2c-04f36fa24785_2.png', '0/png/f7205881-3904-42ec-ab2c-04f36fa24785_6.png', '0/png/f7205881-3904-42ec-ab2c-04f36fa24785_7.png', '0/png/f7205881-3904-42ec-ab2c-04f36fa24785_5.png', '0/png/f7205881-3904-42ec-ab2c-04f36fa24785_4.png', '0/png/f7205881-3904-42ec-ab2c-04f36fa24785_9.png', '0/png/f7205881-3904-42ec-ab2c-04f36fa24785_17.png', '0/png/f7205881-3904-42ec-ab2c-04f36fa24785_16.png', '0/png/f7205881-3904-42ec-ab2c-04f36fa24785_8.png', '0/png/f7205881-3904-42ec-ab2c-04f36fa24785_14.png', '0/png/f7205881-3904-42ec-ab2c-04f36fa24785_15.png', '0/png/f7205881-3904-42ec-ab2c-04f36fa24785_11.png', '0/png/f7205881-3904-42ec-ab2c-04f36fa24785_10.png', '0/png/f7205881-3904-42ec-ab2c-04f36fa24785_12.png', '0/png/f7205881-3904-42ec-ab2c-04f36fa24785_13.png']",{}
csvs/fe245192-1f9c-4f28-9b32-046fb7ce7e1e.csv,"['0/png/fe245192-1f9c-4f28-9b32-046fb7ce7e1e_8.png', '0/png/fe245192-1f9c-4f28-9b32-046fb7ce7e1e_9.png', '0/png/fe245192-1f9c-4f28-9b32-046fb7ce7e1e_10.png', '0/png/fe245192-1f9c-4f28-9b32-046fb7ce7e1e_11.png', '0/png/fe245192-1f9c-4f28-9b32-046fb7ce7e1e_13.png', '0/png/fe245192-1f9c-4f28-9b32-046fb7ce7e1e_12.png', '0/png/fe245192-1f9c-4f28-9b32-046fb7ce7e1e_16.png', '0/png/fe245192-1f9c-4f28-9b32-046fb7ce7e1e_17.png', '0/png/fe245192-1f9c-4f28-9b32-046fb7ce7e1e_15.png', '0/png/fe245192-1f9c-4f28-9b32-046fb7ce7e1e_14.png', '0/png/fe245192-1f9c-4f28-9b32-046fb7ce7e1e_19.png', '0/png/fe245192-1f9c-4f28-9b32-046fb7ce7e1e_18.png', '0/png/fe245192-1f9c-4f28-9b32-046fb7ce7e1e_1.png', '0/png/fe245192-1f9c-4f28-9b32-046fb7ce7e1e_0.png', '0/png/fe245192-1f9c-4f28-9b32-046fb7ce7e1e_2.png', '0/png/fe245192-1f9c-4f28-9b32-046fb7ce7e1e_3.png', '0/png/fe245192-1f9c-4f28-9b32-046fb7ce7e1e_7.png', '0/png/fe245192-1f9c-4f28-9b32-046fb7ce7e1e_6.png', '0/png/fe245192-1f9c-4f28-9b32-046fb7ce7e1e_4.png', '0/png/fe245192-1f9c-4f28-9b32-046fb7ce7e1e_5.png']",{}
csvs/28.csv,,
csvs/5.csv,,
csvs/38.csv,,
csvs/18.csv,,
csvs/1.csv,,
csvs/29.csv,,
csvs/39.csv,,
csvs/16.csv,,
csvs/32.csv,,
csvs/12.csv,,
csvs/36.csv,,
csvs/27.csv,,
csvs/37.csv,,
csvs/17.csv,,
csvs/33.csv,,
csvs/41.csv,,
csvs/34.csv,,
csvs/14.csv,,
csvs/30.csv,,
csvs/31.csv,,
csvs/40.csv,,
csvs/11.csv,,
csvs/35.csv,,
