other,images,chats
csvs/9d7bc879-3250-4013-ac04-5ff9bd6dff40.csv,csvs/dbc9c90e-a3e6-4d71-bb93-5fb8394095ac.csv,csvs/28.csv
,csvs/9fd06037-11f1-4ad5-9a7d-cbfb3fa4193b.csv,csvs/5.csv
,csvs/3348953d-66e9-4cac-8675-65bb5f2ef929.csv,csvs/38.csv
,csvs/07f179c5-5705-4dbd-94a7-66eed1e066b0.csv,csvs/18.csv
,csvs/01cdc26f-e773-4ad7-8808-d04abf16aae7.csv,csvs/1.csv
,csvs/585875ff-f8c5-4a02-acd7-fef37dc9ff11.csv,csvs/19.csv
,csvs/64bba692-d430-440c-9f1e-2575f45770af.csv,csvs/29.csv
,csvs/178e3898-903d-47cf-bfbe-061e7dc18895.csv,csvs/4.csv
,csvs/9fe6b262-9944-417d-a0c4-9f2de1de2994.csv,csvs/39.csv
,csvs/f7205881-3904-42ec-ab2c-04f36fa24785.csv,csvs/16.csv
,csvs/54990932-71af-48dd-9a7a-2617b1407c54.csv,csvs/22.csv
,csvs/eda5b003-9250-4913-b724-74cca86240af.csv,csvs/32.csv
,csvs/5a6b122c-39c1-4581-8c1f-2d6f36a9f8a0.csv,csvs/26.csv
,csvs/5387a301-0af8-4e24-a197-20189f87b9ef.csv,csvs/12.csv
,csvs/48fd4c79-41ca-459e-a5a5-a3738e7a4af3.csv,csvs/36.csv
,csvs/f179eb06-0c53-44df-a13f-570be23355bb.csv,csvs/27.csv
,csvs/aedc6a39-7862-4bbc-99e7-780ab3980282.csv,csvs/13.csv
,csvs/b3031e66-40b6-45e8-9bcd-891dc1a280da.csv,csvs/37.csv
,csvs/d5ff8b65-db15-418a-b33e-169498d79110.csv,csvs/17.csv
,csvs/fe245192-1f9c-4f28-9b32-046fb7ce7e1e.csv,csvs/23.csv
,csvs/d410e4aa-fb52-4ed4-9078-4483267a02b3.csv,csvs/33.csv
,csvs/547aba02-6757-49c1-acb5-6df217cebfc7.csv,csvs/24.csv
,csvs/12756724-394c-4576-b373-7c53f1abbd94.csv,csvs/41.csv
,csvs/e182d867-dc18-43fd-a418-26dcf784242f.csv,csvs/10.csv
,csvs/6d7fc7b3-c892-4cb5-bd4b-a5713c089d88.csv,csvs/9.csv
,csvs/912204cb-8ab7-48b8-9abf-d803f3804d08.csv,csvs/34.csv
,csvs/2db27de1-d5c5-4f89-8572-da697a6329e4.csv,csvs/14.csv
,csvs/5e5bd90e-60c5-402f-b488-750456a81a13.csv,csvs/20.csv
,csvs/3f451a52-d210-48d9-b56e-d28b9570bdc4.csv,csvs/30.csv
,csvs/a1ba4d8b-f382-44c4-ac3f-746a44746bb4.csv,csvs/15.csv
,,csvs/21.csv
,,csvs/31.csv
,,csvs/40.csv
,,csvs/11.csv
,,csvs/35.csv
,,csvs/3.csv
,,csvs/7.csv
,,csvs/6.csv
,,csvs/2.csv
